Protein Name,Protein Gene,Protein Species,Peptide Sequence,Peptide Modified Sequence,File Name,Acquired Time,Replicate Name,SampleGroup,Peptide Retention Time,Fragment Ion,light Precursor Mz,light Area,light Area Ratio,light Total Area,light Total Area Ratio,heavy Precursor Mz,heavy Area,heavy Area Ratio,heavy Total Area,heavy Total Area Ratio,15N Precursor Mz,15N Area,15N Area Ratio,15N Total Area,15N Total Area Ratio
sp|P04156|PRIO_HUMAN,PRNP,Homo sapiens,PIIHFGSDYEDR,PIIHFGSDYEDR,QC180731_PrP_Exp15_A_01.raw,7/31/2018 2:57:51 PM,QC180731_PrP_Exp15_A_01,,39.52,y7,483.565007,1820792,2.1027,7174799,2.0621,486.901097,865930,#N/A,3479413,#N/A,489.214872,114,0.0001,55230,0.0159
sp|P04156|PRIO_HUMAN,PRNP,Homo sapiens,PIIHFGSDYEDR,PIIHFGSDYEDR,QC180731_PrP_Exp15_B_01.raw,7/31/2018 4:36:07 PM,QC180731_PrP_Exp15_B_01,,38.73,y7,483.565007,2295678,2.4271,9107616,2.3794,486.901097,945856,#N/A,3827620,#N/A,489.214872,51,0.0001,47634,0.0124
sp|P04156|PRIO_HUMAN,PRNP,Homo sapiens,PIIHFGSDYEDR,PIIHFGSDYEDR,QC180731_PrP_Exp15_C_01.raw,7/31/2018 6:14:14 PM,QC180731_PrP_Exp15_C_01,,38.65,y7,483.565007,2152423,2.3929,8441610,2.2957,486.901097,899501,#N/A,3677083,#N/A,489.214872,65,0.0001,46857,0.0127
sp|P04156|PRIO_HUMAN,PRNP,Homo sapiens,PIIHFGSDYEDR,PIIHFGSDYEDR,QC180731_PrP_Exp15_D_01.raw,7/31/2018 7:52:15 PM,QC180731_PrP_Exp15_D_01,,38.2,y7,483.565007,2209282,2.9659,8868932,2.7612,486.901097,744893,#N/A,3211949,#N/A,489.214872,12899,0.0173,92962,0.0289
sp|P04156|PRIO_HUMAN,PRNP,Homo sapiens,PIIHFGSDYEDR,PIIHFGSDYEDR,QC180731_PrP_Exp15_E_01.raw,7/31/2018 9:30:41 PM,QC180731_PrP_Exp15_E_01,,38.35,y7,483.565007,1948972,2.5829,7696635,2.449,486.901097,754555,#N/A,3142829,#N/A,489.214872,9488,0.0126,80979,0.0258
sp|P04156|PRIO_HUMAN,PRNP,Homo sapiens,PIIHFGSDYEDR,PIIHFGSDYEDR,QC180731_PrP_Exp15_F_01.raw,7/31/2018 11:09:33 PM,QC180731_PrP_Exp15_F_01,,38.49,y7,483.565007,1733918,2.3403,6912110,2.3011,486.901097,740908,#N/A,3003876,#N/A,489.214872,13733,0.0185,85302,0.0284
sp|P04156|PRIO_HUMAN,PRNP,Homo sapiens,PIIHFGSDYEDR,PIIHFGSDYEDR,QC180731_PrP_Exp15_G_01.raw,8/1/2018 2:26:32 AM,QC180731_PrP_Exp15_G_01,,38.78,y7,483.565007,1942532,2.6126,7728936,2.5528,486.901097,743519,#N/A,3027613,#N/A,489.214872,116809,0.1571,515717,0.1703
sp|P04156|PRIO_HUMAN,PRNP,Homo sapiens,PIIHFGSDYEDR,PIIHFGSDYEDR,QC180731_PrP_Exp15_H_01.raw,8/1/2018 4:04:47 AM,QC180731_PrP_Exp15_H_01,,38.33,y7,483.565007,1911455,2.5099,7654641,2.4326,486.901097,761570,#N/A,3146687,#N/A,489.214872,113719,0.1493,522454,0.166
sp|P04156|PRIO_HUMAN,PRNP,Homo sapiens,PIIHFGSDYEDR,PIIHFGSDYEDR,QC180731_PrP_Exp15_I_01.raw,8/1/2018 5:43:48 AM,QC180731_PrP_Exp15_I_01,,38.28,y7,483.565007,1577914,2.5872,6532782,2.5618,486.901097,609902,#N/A,2550115,#N/A,489.214872,90495,0.1484,474978,0.1863
sp|P04156|PRIO_HUMAN,PRNP,Homo sapiens,PIIHFGSDYEDR,PIIHFGSDYEDR,QC180731_PrP_Exp15_J_01.raw,8/1/2018 7:21:57 AM,QC180731_PrP_Exp15_J_01,,38.93,y7,483.565007,2138601,2.6328,8608749,2.5956,486.901097,812298,#N/A,3316710,#N/A,489.214872,1392412,1.7142,5650204,1.7036
sp|P04156|PRIO_HUMAN,PRNP,Homo sapiens,PIIHFGSDYEDR,PIIHFGSDYEDR,QC180731_PrP_Exp15_K_01.raw,8/1/2018 9:00:38 AM,QC180731_PrP_Exp15_K_01,,39.03,y7,483.565007,1639639,2.8939,6800140,2.736,486.901097,566582,#N/A,2485431,#N/A,489.214872,955303,1.6861,3798050,1.5281
sp|P04156|PRIO_HUMAN,PRNP,Homo sapiens,PIIHFGSDYEDR,PIIHFGSDYEDR,QC180731_PrP_Exp15_L_01.raw,8/1/2018 10:41:11 AM,QC180731_PrP_Exp15_L_01,,39.86,y7,483.565007,2005651,2.812,7876616,2.6594,486.901097,713254,#N/A,2961843,#N/A,489.214872,1418146,1.9883,5667961,1.9137
sp|P04156|PRIO_HUMAN,PRNP,Homo sapiens,PIIHFGSDYEDR,PIIHFGSDYEDR,QC180731_PrP_Exp15_A_01.raw,7/31/2018 2:57:51 PM,QC180731_PrP_Exp15_A_01,,39.52,y4,483.565007,2089825,2.2345,7174799,2.0621,486.901097,935256,#N/A,3479413,#N/A,489.214872,12,0,55230,0.0159
sp|P04156|PRIO_HUMAN,PRNP,Homo sapiens,PIIHFGSDYEDR,PIIHFGSDYEDR,QC180731_PrP_Exp15_B_01.raw,7/31/2018 4:36:07 PM,QC180731_PrP_Exp15_B_01,,38.73,y4,483.565007,2634421,2.4652,9107616,2.3794,486.901097,1068633,#N/A,3827620,#N/A,489.214872,2690,0.0025,47634,0.0124
sp|P04156|PRIO_HUMAN,PRNP,Homo sapiens,PIIHFGSDYEDR,PIIHFGSDYEDR,QC180731_PrP_Exp15_C_01.raw,7/31/2018 6:14:14 PM,QC180731_PrP_Exp15_C_01,,38.65,y4,483.565007,2488192,2.4937,8441610,2.2957,486.901097,997775,#N/A,3677083,#N/A,489.214872,3206,0.0032,46857,0.0127
sp|P04156|PRIO_HUMAN,PRNP,Homo sapiens,PIIHFGSDYEDR,PIIHFGSDYEDR,QC180731_PrP_Exp15_D_01.raw,7/31/2018 7:52:15 PM,QC180731_PrP_Exp15_D_01,,38.2,y4,483.565007,2584051,2.9382,8868932,2.7612,486.901097,879465,#N/A,3211949,#N/A,489.214872,15569,0.0177,92962,0.0289
sp|P04156|PRIO_HUMAN,PRNP,Homo sapiens,PIIHFGSDYEDR,PIIHFGSDYEDR,QC180731_PrP_Exp15_E_01.raw,7/31/2018 9:30:41 PM,QC180731_PrP_Exp15_E_01,,38.35,y4,483.565007,2277299,2.6273,7696635,2.449,486.901097,866793,#N/A,3142829,#N/A,489.214872,13398,0.0155,80979,0.0258
sp|P04156|PRIO_HUMAN,PRNP,Homo sapiens,PIIHFGSDYEDR,PIIHFGSDYEDR,QC180731_PrP_Exp15_F_01.raw,7/31/2018 11:09:33 PM,QC180731_PrP_Exp15_F_01,,38.49,y4,483.565007,2055719,2.4702,6912110,2.3011,486.901097,832201,#N/A,3003876,#N/A,489.214872,14327,0.0172,85302,0.0284
sp|P04156|PRIO_HUMAN,PRNP,Homo sapiens,PIIHFGSDYEDR,PIIHFGSDYEDR,QC180731_PrP_Exp15_G_01.raw,8/1/2018 2:26:32 AM,QC180731_PrP_Exp15_G_01,,38.78,y4,483.565007,2309520,2.7557,7728936,2.5528,486.901097,838086,#N/A,3027613,#N/A,489.214872,137134,0.1636,515717,0.1703
sp|P04156|PRIO_HUMAN,PRNP,Homo sapiens,PIIHFGSDYEDR,PIIHFGSDYEDR,QC180731_PrP_Exp15_H_01.raw,8/1/2018 4:04:47 AM,QC180731_PrP_Exp15_H_01,,38.33,y4,483.565007,2282421,2.628,7654641,2.4326,486.901097,868517,#N/A,3146687,#N/A,489.214872,141093,0.1625,522454,0.166
sp|P04156|PRIO_HUMAN,PRNP,Homo sapiens,PIIHFGSDYEDR,PIIHFGSDYEDR,QC180731_PrP_Exp15_I_01.raw,8/1/2018 5:43:48 AM,QC180731_PrP_Exp15_I_01,,38.28,y4,483.565007,1934523,2.73,6532782,2.5618,486.901097,708624,#N/A,2550115,#N/A,489.214872,115624,0.1632,474978,0.1863
sp|P04156|PRIO_HUMAN,PRNP,Homo sapiens,PIIHFGSDYEDR,PIIHFGSDYEDR,QC180731_PrP_Exp15_J_01.raw,8/1/2018 7:21:57 AM,QC180731_PrP_Exp15_J_01,,38.93,y4,483.565007,2499395,2.6721,8608749,2.5956,486.901097,935379,#N/A,3316710,#N/A,489.214872,1655319,1.7697,5650204,1.7036
sp|P04156|PRIO_HUMAN,PRNP,Homo sapiens,PIIHFGSDYEDR,PIIHFGSDYEDR,QC180731_PrP_Exp15_K_01.raw,8/1/2018 9:00:38 AM,QC180731_PrP_Exp15_K_01,,39.03,y4,483.565007,1990152,2.8587,6800140,2.736,486.901097,696171,#N/A,2485431,#N/A,489.214872,1077963,1.5484,3798050,1.5281
sp|P04156|PRIO_HUMAN,PRNP,Homo sapiens,PIIHFGSDYEDR,PIIHFGSDYEDR,QC180731_PrP_Exp15_L_01.raw,8/1/2018 10:41:11 AM,QC180731_PrP_Exp15_L_01,,39.86,y4,483.565007,2299943,2.839,7876616,2.6594,486.901097,810118,#N/A,2961843,#N/A,489.214872,1670790,2.0624,5667961,1.9137
sp|P04156|PRIO_HUMAN,PRNP,Homo sapiens,PIIHFGSDYEDR,PIIHFGSDYEDR,QC180731_PrP_Exp15_A_01.raw,7/31/2018 2:57:51 PM,QC180731_PrP_Exp15_A_01,,39.52,y9,483.565007,1455344,1.9823,7174799,2.0621,486.901097,734156,#N/A,3479413,#N/A,489.214872,7528,0.0103,55230,0.0159
sp|P04156|PRIO_HUMAN,PRNP,Homo sapiens,PIIHFGSDYEDR,PIIHFGSDYEDR,QC180731_PrP_Exp15_B_01.raw,7/31/2018 4:36:07 PM,QC180731_PrP_Exp15_B_01,,38.73,y9,483.565007,1845451,2.3108,9107616,2.3794,486.901097,798621,#N/A,3827620,#N/A,489.214872,3120,0.0039,47634,0.0124
sp|P04156|PRIO_HUMAN,PRNP,Homo sapiens,PIIHFGSDYEDR,PIIHFGSDYEDR,QC180731_PrP_Exp15_C_01.raw,7/31/2018 6:14:14 PM,QC180731_PrP_Exp15_C_01,,38.65,y9,483.565007,1703287,2.1675,8441610,2.2957,486.901097,785836,#N/A,3677083,#N/A,489.214872,2474,0.0031,46857,0.0127
sp|P04156|PRIO_HUMAN,PRNP,Homo sapiens,PIIHFGSDYEDR,PIIHFGSDYEDR,QC180731_PrP_Exp15_D_01.raw,7/31/2018 7:52:15 PM,QC180731_PrP_Exp15_D_01,,38.2,y9,483.565007,1749867,2.6415,8868932,2.7612,486.901097,662450,#N/A,3211949,#N/A,489.214872,14617,0.0221,92962,0.0289
sp|P04156|PRIO_HUMAN,PRNP,Homo sapiens,PIIHFGSDYEDR,PIIHFGSDYEDR,QC180731_PrP_Exp15_E_01.raw,7/31/2018 9:30:41 PM,QC180731_PrP_Exp15_E_01,,38.35,y9,483.565007,1546452,2.4358,7696635,2.449,486.901097,634884,#N/A,3142829,#N/A,489.214872,9220,0.0145,80979,0.0258
sp|P04156|PRIO_HUMAN,PRNP,Homo sapiens,PIIHFGSDYEDR,PIIHFGSDYEDR,QC180731_PrP_Exp15_F_01.raw,7/31/2018 11:09:33 PM,QC180731_PrP_Exp15_F_01,,38.49,y9,483.565007,1416153,2.2853,6912110,2.3011,486.901097,619690,#N/A,3003876,#N/A,489.214872,11973,0.0193,85302,0.0284
sp|P04156|PRIO_HUMAN,PRNP,Homo sapiens,PIIHFGSDYEDR,PIIHFGSDYEDR,QC180731_PrP_Exp15_G_01.raw,8/1/2018 2:26:32 AM,QC180731_PrP_Exp15_G_01,,38.78,y9,483.565007,1555449,2.6024,7728936,2.5528,486.901097,597693,#N/A,3027613,#N/A,489.214872,105375,0.1763,515717,0.1703
sp|P04156|PRIO_HUMAN,PRNP,Homo sapiens,PIIHFGSDYEDR,PIIHFGSDYEDR,QC180731_PrP_Exp15_H_01.raw,8/1/2018 4:04:47 AM,QC180731_PrP_Exp15_H_01,,38.33,y9,483.565007,1551242,2.4171,7654641,2.4326,486.901097,641777,#N/A,3146687,#N/A,489.214872,102516,0.1597,522454,0.166
sp|P04156|PRIO_HUMAN,PRNP,Homo sapiens,PIIHFGSDYEDR,PIIHFGSDYEDR,QC180731_PrP_Exp15_I_01.raw,8/1/2018 5:43:48 AM,QC180731_PrP_Exp15_I_01,,38.28,y9,483.565007,1310488,2.557,6532782,2.5618,486.901097,512509,#N/A,2550115,#N/A,489.214872,143004,0.279,474978,0.1863
sp|P04156|PRIO_HUMAN,PRNP,Homo sapiens,PIIHFGSDYEDR,PIIHFGSDYEDR,QC180731_PrP_Exp15_J_01.raw,8/1/2018 7:21:57 AM,QC180731_PrP_Exp15_J_01,,38.93,y9,483.565007,1723088,2.6883,8608749,2.5956,486.901097,640966,#N/A,3316710,#N/A,489.214872,1102936,1.7207,5650204,1.7036
sp|P04156|PRIO_HUMAN,PRNP,Homo sapiens,PIIHFGSDYEDR,PIIHFGSDYEDR,QC180731_PrP_Exp15_K_01.raw,8/1/2018 9:00:38 AM,QC180731_PrP_Exp15_K_01,,39.03,y9,483.565007,1415639,2.7466,6800140,2.736,486.901097,515406,#N/A,2485431,#N/A,489.214872,767991,1.4901,3798050,1.5281
sp|P04156|PRIO_HUMAN,PRNP,Homo sapiens,PIIHFGSDYEDR,PIIHFGSDYEDR,QC180731_PrP_Exp15_L_01.raw,8/1/2018 10:41:11 AM,QC180731_PrP_Exp15_L_01,,39.86,y9,483.565007,1589322,2.6518,7876616,2.6594,486.901097,599338,#N/A,2961843,#N/A,489.214872,1114703,1.8599,5667961,1.9137
sp|P04156|PRIO_HUMAN,PRNP,Homo sapiens,PIIHFGSDYEDR,PIIHFGSDYEDR,QC180731_PrP_Exp15_A_01.raw,7/31/2018 2:57:51 PM,QC180731_PrP_Exp15_A_01,,39.52,b4,483.565007,1808837,1.916,7174799,2.0621,486.901097,944070,#N/A,3479413,#N/A,489.214872,47575,0.0504,55230,0.0159
sp|P04156|PRIO_HUMAN,PRNP,Homo sapiens,PIIHFGSDYEDR,PIIHFGSDYEDR,QC180731_PrP_Exp15_B_01.raw,7/31/2018 4:36:07 PM,QC180731_PrP_Exp15_B_01,,38.73,b4,483.565007,2332066,2.2987,9107616,2.3794,486.901097,1014509,#N/A,3827620,#N/A,489.214872,41774,0.0412,47634,0.0124
sp|P04156|PRIO_HUMAN,PRNP,Homo sapiens,PIIHFGSDYEDR,PIIHFGSDYEDR,QC180731_PrP_Exp15_C_01.raw,7/31/2018 6:14:14 PM,QC180731_PrP_Exp15_C_01,,38.65,b4,483.565007,2097708,2.1104,8441610,2.2957,486.901097,993971,#N/A,3677083,#N/A,489.214872,41112,0.0414,46857,0.0127
sp|P04156|PRIO_HUMAN,PRNP,Homo sapiens,PIIHFGSDYEDR,PIIHFGSDYEDR,QC180731_PrP_Exp15_D_01.raw,7/31/2018 7:52:15 PM,QC180731_PrP_Exp15_D_01,,38.2,b4,483.565007,2325732,2.5139,8868932,2.7612,486.901097,925141,#N/A,3211949,#N/A,489.214872,49878,0.0539,92962,0.0289
sp|P04156|PRIO_HUMAN,PRNP,Homo sapiens,PIIHFGSDYEDR,PIIHFGSDYEDR,QC180731_PrP_Exp15_E_01.raw,7/31/2018 9:30:41 PM,QC180731_PrP_Exp15_E_01,,38.35,b4,483.565007,1923912,2.17,7696635,2.449,486.901097,886597,#N/A,3142829,#N/A,489.214872,48873,0.0551,80979,0.0258
sp|P04156|PRIO_HUMAN,PRNP,Homo sapiens,PIIHFGSDYEDR,PIIHFGSDYEDR,QC180731_PrP_Exp15_F_01.raw,7/31/2018 11:09:33 PM,QC180731_PrP_Exp15_F_01,,38.49,b4,483.565007,1706320,2.1038,6912110,2.3011,486.901097,811077,#N/A,3003876,#N/A,489.214872,45269,0.0558,85302,0.0284
sp|P04156|PRIO_HUMAN,PRNP,Homo sapiens,PIIHFGSDYEDR,PIIHFGSDYEDR,QC180731_PrP_Exp15_G_01.raw,8/1/2018 2:26:32 AM,QC180731_PrP_Exp15_G_01,,38.78,b4,483.565007,1921435,2.265,7728936,2.5528,486.901097,848315,#N/A,3027613,#N/A,489.214872,156399,0.1844,515717,0.1703
sp|P04156|PRIO_HUMAN,PRNP,Homo sapiens,PIIHFGSDYEDR,PIIHFGSDYEDR,QC180731_PrP_Exp15_H_01.raw,8/1/2018 4:04:47 AM,QC180731_PrP_Exp15_H_01,,38.33,b4,483.565007,1909522,2.1828,7654641,2.4326,486.901097,874823,#N/A,3146687,#N/A,489.214872,165126,0.1888,522454,0.166
sp|P04156|PRIO_HUMAN,PRNP,Homo sapiens,PIIHFGSDYEDR,PIIHFGSDYEDR,QC180731_PrP_Exp15_I_01.raw,8/1/2018 5:43:48 AM,QC180731_PrP_Exp15_I_01,,38.28,b4,483.565007,1709858,2.3778,6532782,2.5618,486.901097,719080,#N/A,2550115,#N/A,489.214872,125855,0.175,474978,0.1863
sp|P04156|PRIO_HUMAN,PRNP,Homo sapiens,PIIHFGSDYEDR,PIIHFGSDYEDR,QC180731_PrP_Exp15_J_01.raw,8/1/2018 7:21:57 AM,QC180731_PrP_Exp15_J_01,,38.93,b4,483.565007,2247666,2.4219,8608749,2.5956,486.901097,928068,#N/A,3316710,#N/A,489.214872,1499536,1.6158,5650204,1.7036
sp|P04156|PRIO_HUMAN,PRNP,Homo sapiens,PIIHFGSDYEDR,PIIHFGSDYEDR,QC180731_PrP_Exp15_K_01.raw,8/1/2018 9:00:38 AM,QC180731_PrP_Exp15_K_01,,39.03,b4,483.565007,1754709,2.481,6800140,2.736,486.901097,707272,#N/A,2485431,#N/A,489.214872,996793,1.4093,3798050,1.5281
sp|P04156|PRIO_HUMAN,PRNP,Homo sapiens,PIIHFGSDYEDR,PIIHFGSDYEDR,QC180731_PrP_Exp15_L_01.raw,8/1/2018 10:41:11 AM,QC180731_PrP_Exp15_L_01,,39.86,b4,483.565007,1981700,2.3616,7876616,2.6594,486.901097,839133,#N/A,2961843,#N/A,489.214872,1464322,1.745,5667961,1.9137
sp|P04156|PRIO_HUMAN,PRNP,Homo sapiens,RPKPGGWNTGGSR,RPKPGGWNTGGSR,QC180731_PrP_Exp15_A_01.raw,7/31/2018 2:57:51 PM,QC180731_PrP_Exp15_A_01,,18.09,y6,457.240969,93042,0.067,573244,0.0886,460.577059,1389268,#N/A,6467010,#N/A,464.552559,673,0.0005,8838,0.0014
sp|P04156|PRIO_HUMAN,PRNP,Homo sapiens,RPKPGGWNTGGSR,RPKPGGWNTGGSR,QC180731_PrP_Exp15_B_01.raw,7/31/2018 4:36:07 PM,QC180731_PrP_Exp15_B_01,,17.46,y6,457.240969,143104,0.0686,802963,0.0829,460.577059,2087568,#N/A,9685851,#N/A,464.552559,5,0,2355,0.0002
sp|P04156|PRIO_HUMAN,PRNP,Homo sapiens,RPKPGGWNTGGSR,RPKPGGWNTGGSR,QC180731_PrP_Exp15_C_01.raw,7/31/2018 6:14:14 PM,QC180731_PrP_Exp15_C_01,,17.49,y6,457.240969,138154,0.0786,752451,0.0908,460.577059,1757103,#N/A,8285549,#N/A,464.552559,11,0,4320,0.0005
sp|P04156|PRIO_HUMAN,PRNP,Homo sapiens,RPKPGGWNTGGSR,RPKPGGWNTGGSR,QC180731_PrP_Exp15_D_01.raw,7/31/2018 7:52:15 PM,QC180731_PrP_Exp15_D_01,,18.03,y6,457.240969,139354,0.0782,736431,0.0877,460.577059,1783128,#N/A,8392611,#N/A,464.552559,12858,0.0072,63745,0.0076
sp|P04156|PRIO_HUMAN,PRNP,Homo sapiens,RPKPGGWNTGGSR,RPKPGGWNTGGSR,QC180731_PrP_Exp15_E_01.raw,7/31/2018 9:30:41 PM,QC180731_PrP_Exp15_E_01,,17.23,y6,457.240969,149544,0.0686,830283,0.081,460.577059,2180350,#N/A,10251042,#N/A,464.552559,10927,0.005,59432,0.0058
sp|P04156|PRIO_HUMAN,PRNP,Homo sapiens,RPKPGGWNTGGSR,RPKPGGWNTGGSR,QC180731_PrP_Exp15_F_01.raw,7/31/2018 11:09:33 PM,QC180731_PrP_Exp15_F_01,,18.1,y6,457.240969,111391,0.072,572050,0.0779,460.577059,1547290,#N/A,7344879,#N/A,464.552559,9468,0.0061,46325,0.0063
sp|P04156|PRIO_HUMAN,PRNP,Homo sapiens,RPKPGGWNTGGSR,RPKPGGWNTGGSR,QC180731_PrP_Exp15_G_01.raw,8/1/2018 2:26:32 AM,QC180731_PrP_Exp15_G_01,,18.83,y6,457.240969,95439,0.0635,524142,0.0739,460.577059,1503778,#N/A,7093230,#N/A,464.552559,90644,0.0603,401497,0.0566
sp|P04156|PRIO_HUMAN,PRNP,Homo sapiens,RPKPGGWNTGGSR,RPKPGGWNTGGSR,QC180731_PrP_Exp15_H_01.raw,8/1/2018 4:04:47 AM,QC180731_PrP_Exp15_H_01,,17.37,y6,457.240969,142286,0.0636,793740,0.0761,460.577059,2236428,#N/A,10436581,#N/A,464.552559,156694,0.0701,708022,0.0678
sp|P04156|PRIO_HUMAN,PRNP,Homo sapiens,RPKPGGWNTGGSR,RPKPGGWNTGGSR,QC180731_PrP_Exp15_I_01.raw,8/1/2018 5:43:48 AM,QC180731_PrP_Exp15_I_01,,17.93,y6,457.240969,115429,0.0579,645679,0.0694,460.577059,1992518,#N/A,9308456,#N/A,464.552559,126756,0.0636,593237,0.0637
sp|P04156|PRIO_HUMAN,PRNP,Homo sapiens,RPKPGGWNTGGSR,RPKPGGWNTGGSR,QC180731_PrP_Exp15_J_01.raw,8/1/2018 7:21:57 AM,QC180731_PrP_Exp15_J_01,,18.67,y6,457.240969,98365,0.0664,514880,0.0738,460.577059,1481657,#N/A,6972191,#N/A,464.552559,855585,0.5775,3965390,0.5687
sp|P04156|PRIO_HUMAN,PRNP,Homo sapiens,RPKPGGWNTGGSR,RPKPGGWNTGGSR,QC180731_PrP_Exp15_K_01.raw,8/1/2018 9:00:38 AM,QC180731_PrP_Exp15_K_01,,19.77,y6,457.240969,71402,0.0585,412435,0.0722,460.577059,1221059,#N/A,5709972,#N/A,464.552559,645965,0.529,3015321,0.5281
sp|P04156|PRIO_HUMAN,PRNP,Homo sapiens,RPKPGGWNTGGSR,RPKPGGWNTGGSR,QC180731_PrP_Exp15_L_01.raw,8/1/2018 10:41:11 AM,QC180731_PrP_Exp15_L_01,,20.05,y6,457.240969,120341,0.0677,654919,0.0773,460.577059,1777575,#N/A,8473907,#N/A,464.552559,1052782,0.5923,4838048,0.5709
sp|P04156|PRIO_HUMAN,PRNP,Homo sapiens,RPKPGGWNTGGSR,RPKPGGWNTGGSR,QC180731_PrP_Exp15_A_01.raw,7/31/2018 2:57:51 PM,QC180731_PrP_Exp15_A_01,,18.09,y5,457.240969,132518,0.0635,573244,0.0886,460.577059,2085783,#N/A,6467010,#N/A,464.552559,5632,0.0027,8838,0.0014
sp|P04156|PRIO_HUMAN,PRNP,Homo sapiens,RPKPGGWNTGGSR,RPKPGGWNTGGSR,QC180731_PrP_Exp15_B_01.raw,7/31/2018 4:36:07 PM,QC180731_PrP_Exp15_B_01,,17.46,y5,457.240969,205180,0.0651,802963,0.0829,460.577059,3151218,#N/A,9685851,#N/A,464.552559,2152,0.0007,2355,0.0002
sp|P04156|PRIO_HUMAN,PRNP,Homo sapiens,RPKPGGWNTGGSR,RPKPGGWNTGGSR,QC180731_PrP_Exp15_C_01.raw,7/31/2018 6:14:14 PM,QC180731_PrP_Exp15_C_01,,17.49,y5,457.240969,193935,0.0721,752451,0.0908,460.577059,2690108,#N/A,8285549,#N/A,464.552559,2723,0.001,4320,0.0005
sp|P04156|PRIO_HUMAN,PRNP,Homo sapiens,RPKPGGWNTGGSR,RPKPGGWNTGGSR,QC180731_PrP_Exp15_D_01.raw,7/31/2018 7:52:15 PM,QC180731_PrP_Exp15_D_01,,18.03,y5,457.240969,185395,0.0679,736431,0.0877,460.577059,2731406,#N/A,8392611,#N/A,464.552559,18422,0.0067,63745,0.0076
sp|P04156|PRIO_HUMAN,PRNP,Homo sapiens,RPKPGGWNTGGSR,RPKPGGWNTGGSR,QC180731_PrP_Exp15_E_01.raw,7/31/2018 9:30:41 PM,QC180731_PrP_Exp15_E_01,,17.23,y5,457.240969,205803,0.0608,830283,0.081,460.577059,3384329,#N/A,10251042,#N/A,464.552559,22457,0.0066,59432,0.0058
sp|P04156|PRIO_HUMAN,PRNP,Homo sapiens,RPKPGGWNTGGSR,RPKPGGWNTGGSR,QC180731_PrP_Exp15_F_01.raw,7/31/2018 11:09:33 PM,QC180731_PrP_Exp15_F_01,,18.1,y5,457.240969,149826,0.0616,572050,0.0779,460.577059,2431961,#N/A,7344879,#N/A,464.552559,16562,0.0068,46325,0.0063
sp|P04156|PRIO_HUMAN,PRNP,Homo sapiens,RPKPGGWNTGGSR,RPKPGGWNTGGSR,QC180731_PrP_Exp15_G_01.raw,8/1/2018 2:26:32 AM,QC180731_PrP_Exp15_G_01,,18.83,y5,457.240969,134121,0.0578,524142,0.0739,460.577059,2319490,#N/A,7093230,#N/A,464.552559,133959,0.0578,401497,0.0566
sp|P04156|PRIO_HUMAN,PRNP,Homo sapiens,RPKPGGWNTGGSR,RPKPGGWNTGGSR,QC180731_PrP_Exp15_H_01.raw,8/1/2018 4:04:47 AM,QC180731_PrP_Exp15_H_01,,17.37,y5,457.240969,204899,0.0596,793740,0.0761,460.577059,3437326,#N/A,10436581,#N/A,464.552559,224964,0.0654,708022,0.0678
sp|P04156|PRIO_HUMAN,PRNP,Homo sapiens,RPKPGGWNTGGSR,RPKPGGWNTGGSR,QC180731_PrP_Exp15_I_01.raw,8/1/2018 5:43:48 AM,QC180731_PrP_Exp15_I_01,,17.93,y5,457.240969,166731,0.0546,645679,0.0694,460.577059,3053228,#N/A,9308456,#N/A,464.552559,206183,0.0675,593237,0.0637
sp|P04156|PRIO_HUMAN,PRNP,Homo sapiens,RPKPGGWNTGGSR,RPKPGGWNTGGSR,QC180731_PrP_Exp15_J_01.raw,8/1/2018 7:21:57 AM,QC180731_PrP_Exp15_J_01,,18.67,y5,457.240969,138820,0.0609,514880,0.0738,460.577059,2278775,#N/A,6972191,#N/A,464.552559,1307945,0.574,3965390,0.5687
sp|P04156|PRIO_HUMAN,PRNP,Homo sapiens,RPKPGGWNTGGSR,RPKPGGWNTGGSR,QC180731_PrP_Exp15_K_01.raw,8/1/2018 9:00:38 AM,QC180731_PrP_Exp15_K_01,,19.77,y5,457.240969,109750,0.0583,412435,0.0722,460.577059,1883661,#N/A,5709972,#N/A,464.552559,970484,0.5152,3015321,0.5281
sp|P04156|PRIO_HUMAN,PRNP,Homo sapiens,RPKPGGWNTGGSR,RPKPGGWNTGGSR,QC180731_PrP_Exp15_L_01.raw,8/1/2018 10:41:11 AM,QC180731_PrP_Exp15_L_01,,20.05,y5,457.240969,172479,0.061,654919,0.0773,460.577059,2829663,#N/A,8473907,#N/A,464.552559,1594508,0.5635,4838048,0.5709
sp|P04156|PRIO_HUMAN,PRNP,Homo sapiens,RPKPGGWNTGGSR,RPKPGGWNTGGSR,QC180731_PrP_Exp15_A_01.raw,7/31/2018 2:57:51 PM,QC180731_PrP_Exp15_A_01,,18.09,y4,457.240969,347684,0.1162,573244,0.0886,460.577059,2991960,#N/A,6467010,#N/A,464.552559,2533,0.0008,8838,0.0014
sp|P04156|PRIO_HUMAN,PRNP,Homo sapiens,RPKPGGWNTGGSR,RPKPGGWNTGGSR,QC180731_PrP_Exp15_B_01.raw,7/31/2018 4:36:07 PM,QC180731_PrP_Exp15_B_01,,17.46,y4,457.240969,454678,0.1022,802963,0.0829,460.577059,4447066,#N/A,9685851,#N/A,464.552559,197,0,2355,0.0002
sp|P04156|PRIO_HUMAN,PRNP,Homo sapiens,RPKPGGWNTGGSR,RPKPGGWNTGGSR,QC180731_PrP_Exp15_C_01.raw,7/31/2018 6:14:14 PM,QC180731_PrP_Exp15_C_01,,17.49,y4,457.240969,420363,0.1095,752451,0.0908,460.577059,3838338,#N/A,8285549,#N/A,464.552559,1586,0.0004,4320,0.0005
sp|P04156|PRIO_HUMAN,PRNP,Homo sapiens,RPKPGGWNTGGSR,RPKPGGWNTGGSR,QC180731_PrP_Exp15_D_01.raw,7/31/2018 7:52:15 PM,QC180731_PrP_Exp15_D_01,,18.03,y4,457.240969,411683,0.1062,736431,0.0877,460.577059,3878077,#N/A,8392611,#N/A,464.552559,32464,0.0084,63745,0.0076
sp|P04156|PRIO_HUMAN,PRNP,Homo sapiens,RPKPGGWNTGGSR,RPKPGGWNTGGSR,QC180731_PrP_Exp15_E_01.raw,7/31/2018 9:30:41 PM,QC180731_PrP_Exp15_E_01,,17.23,y4,457.240969,474936,0.1013,830283,0.081,460.577059,4686363,#N/A,10251042,#N/A,464.552559,26048,0.0056,59432,0.0058
sp|P04156|PRIO_HUMAN,PRNP,Homo sapiens,RPKPGGWNTGGSR,RPKPGGWNTGGSR,QC180731_PrP_Exp15_F_01.raw,7/31/2018 11:09:33 PM,QC180731_PrP_Exp15_F_01,,18.1,y4,457.240969,310833,0.0924,572050,0.0779,460.577059,3365629,#N/A,7344879,#N/A,464.552559,20294,0.006,46325,0.0063
sp|P04156|PRIO_HUMAN,PRNP,Homo sapiens,RPKPGGWNTGGSR,RPKPGGWNTGGSR,QC180731_PrP_Exp15_G_01.raw,8/1/2018 2:26:32 AM,QC180731_PrP_Exp15_G_01,,18.83,y4,457.240969,294582,0.0901,524142,0.0739,460.577059,3269962,#N/A,7093230,#N/A,464.552559,176894,0.0541,401497,0.0566
sp|P04156|PRIO_HUMAN,PRNP,Homo sapiens,RPKPGGWNTGGSR,RPKPGGWNTGGSR,QC180731_PrP_Exp15_H_01.raw,8/1/2018 4:04:47 AM,QC180731_PrP_Exp15_H_01,,17.37,y4,457.240969,446555,0.0938,793740,0.0761,460.577059,4762827,#N/A,10436581,#N/A,464.552559,326364,0.0685,708022,0.0678
sp|P04156|PRIO_HUMAN,PRNP,Homo sapiens,RPKPGGWNTGGSR,RPKPGGWNTGGSR,QC180731_PrP_Exp15_I_01.raw,8/1/2018 5:43:48 AM,QC180731_PrP_Exp15_I_01,,17.93,y4,457.240969,363518,0.0853,645679,0.0694,460.577059,4262709,#N/A,9308456,#N/A,464.552559,260298,0.0611,593237,0.0637
sp|P04156|PRIO_HUMAN,PRNP,Homo sapiens,RPKPGGWNTGGSR,RPKPGGWNTGGSR,QC180731_PrP_Exp15_J_01.raw,8/1/2018 7:21:57 AM,QC180731_PrP_Exp15_J_01,,18.67,y4,457.240969,277695,0.0865,514880,0.0738,460.577059,3211759,#N/A,6972191,#N/A,464.552559,1801860,0.561,3965390,0.5687
sp|P04156|PRIO_HUMAN,PRNP,Homo sapiens,RPKPGGWNTGGSR,RPKPGGWNTGGSR,QC180731_PrP_Exp15_K_01.raw,8/1/2018 9:00:38 AM,QC180731_PrP_Exp15_K_01,,19.77,y4,457.240969,231283,0.0888,412435,0.0722,460.577059,2605252,#N/A,5709972,#N/A,464.552559,1398871,0.5369,3015321,0.5281
sp|P04156|PRIO_HUMAN,PRNP,Homo sapiens,RPKPGGWNTGGSR,RPKPGGWNTGGSR,QC180731_PrP_Exp15_L_01.raw,8/1/2018 10:41:11 AM,QC180731_PrP_Exp15_L_01,,20.05,y4,457.240969,362100,0.0936,654919,0.0773,460.577059,3866670,#N/A,8473907,#N/A,464.552559,2190759,0.5666,4838048,0.5709
sp|P04156|PRIO_HUMAN,PRNP,Homo sapiens,YPGQGSPGGNR,YPGQGSPGGNR,QC180731_PrP_Exp15_A_01.raw,7/31/2018 2:57:51 PM,QC180731_PrP_Exp15_A_01,,19.63,y9,545.257236,599394,0.676,1848390,0.685,550.261371,886685,#N/A,2698410,#N/A,553.233516,12,0,11591,0.0043
sp|P04156|PRIO_HUMAN,PRNP,Homo sapiens,YPGQGSPGGNR,YPGQGSPGGNR,QC180731_PrP_Exp15_B_01.raw,7/31/2018 4:36:07 PM,QC180731_PrP_Exp15_B_01,,19.02,y9,545.257236,860667,0.8002,2683996,0.819,550.261371,1075590,#N/A,3277068,#N/A,553.233516,142,0.0001,7838,0.0024
sp|P04156|PRIO_HUMAN,PRNP,Homo sapiens,YPGQGSPGGNR,YPGQGSPGGNR,QC180731_PrP_Exp15_C_01.raw,7/31/2018 6:14:14 PM,QC180731_PrP_Exp15_C_01,,19.17,y9,545.257236,734290,0.6893,2282664,0.7141,550.261371,1065209,#N/A,3196512,#N/A,553.233516,35,0,8623,0.0027
sp|P04156|PRIO_HUMAN,PRNP,Homo sapiens,YPGQGSPGGNR,YPGQGSPGGNR,QC180731_PrP_Exp15_D_01.raw,7/31/2018 7:52:15 PM,QC180731_PrP_Exp15_D_01,,19.35,y9,545.257236,777958,0.836,2347087,0.8082,550.261371,930545,#N/A,2904024,#N/A,553.233516,8827,0.0095,32539,0.0112
sp|P04156|PRIO_HUMAN,PRNP,Homo sapiens,YPGQGSPGGNR,YPGQGSPGGNR,QC180731_PrP_Exp15_E_01.raw,7/31/2018 9:30:41 PM,QC180731_PrP_Exp15_E_01,,18.87,y9,545.257236,633723,0.7678,1990139,0.7654,550.261371,825423,#N/A,2600034,#N/A,553.233516,7737,0.0094,26243,0.0101
sp|P04156|PRIO_HUMAN,PRNP,Homo sapiens,YPGQGSPGGNR,YPGQGSPGGNR,QC180731_PrP_Exp15_F_01.raw,7/31/2018 11:09:33 PM,QC180731_PrP_Exp15_F_01,,19.09,y9,545.257236,529409,0.7557,1652301,0.748,550.261371,700533,#N/A,2208820,#N/A,553.233516,6481,0.0093,21935,0.0099
sp|P04156|PRIO_HUMAN,PRNP,Homo sapiens,YPGQGSPGGNR,YPGQGSPGGNR,QC180731_PrP_Exp15_G_01.raw,8/1/2018 2:26:32 AM,QC180731_PrP_Exp15_G_01,,19.88,y9,545.257236,690697,0.7488,2099258,0.7535,550.261371,922395,#N/A,2786096,#N/A,553.233516,96243,0.1043,281079,0.1009
sp|P04156|PRIO_HUMAN,PRNP,Homo sapiens,YPGQGSPGGNR,YPGQGSPGGNR,QC180731_PrP_Exp15_H_01.raw,8/1/2018 4:04:47 AM,QC180731_PrP_Exp15_H_01,,18.91,y9,545.257236,565344,0.7193,1726476,0.7303,550.261371,785999,#N/A,2364145,#N/A,553.233516,72619,0.0924,233612,0.0988
sp|P04156|PRIO_HUMAN,PRNP,Homo sapiens,YPGQGSPGGNR,YPGQGSPGGNR,QC180731_PrP_Exp15_I_01.raw,8/1/2018 5:43:48 AM,QC180731_PrP_Exp15_I_01,,19.01,y9,545.257236,518279,0.7357,1663736,0.7497,550.261371,704467,#N/A,2219314,#N/A,553.233516,69291,0.0984,231085,0.1041
sp|P04156|PRIO_HUMAN,PRNP,Homo sapiens,YPGQGSPGGNR,YPGQGSPGGNR,QC180731_PrP_Exp15_J_01.raw,8/1/2018 7:21:57 AM,QC180731_PrP_Exp15_J_01,,19.82,y9,545.257236,582767,0.7294,1754425,0.7278,550.261371,798922,#N/A,2410589,#N/A,553.233516,727888,0.9111,2278117,0.945
sp|P04156|PRIO_HUMAN,PRNP,Homo sapiens,YPGQGSPGGNR,YPGQGSPGGNR,QC180731_PrP_Exp15_K_01.raw,8/1/2018 9:00:38 AM,QC180731_PrP_Exp15_K_01,,20.63,y9,545.257236,430999,0.6476,1311357,0.6452,550.261371,665497,#N/A,2032328,#N/A,553.233516,580447,0.8722,1791873,0.8817
sp|P04156|PRIO_HUMAN,PRNP,Homo sapiens,YPGQGSPGGNR,YPGQGSPGGNR,QC180731_PrP_Exp15_L_01.raw,8/1/2018 10:41:11 AM,QC180731_PrP_Exp15_L_01,,21.26,y9,545.257236,527663,0.7296,1648921,0.7027,550.261371,723227,#N/A,2346581,#N/A,553.233516,667265,0.9226,2179688,0.9289
sp|P04156|PRIO_HUMAN,PRNP,Homo sapiens,YPGQGSPGGNR,YPGQGSPGGNR,QC180731_PrP_Exp15_A_01.raw,7/31/2018 2:57:51 PM,QC180731_PrP_Exp15_A_01,,19.63,y7,545.257236,587291,0.6993,1848390,0.685,550.261371,839872,#N/A,2698410,#N/A,553.233516,2189,0.0026,11591,0.0043
sp|P04156|PRIO_HUMAN,PRNP,Homo sapiens,YPGQGSPGGNR,YPGQGSPGGNR,QC180731_PrP_Exp15_B_01.raw,7/31/2018 4:36:07 PM,QC180731_PrP_Exp15_B_01,,19.02,y7,545.257236,860564,0.8215,2683996,0.819,550.261371,1047497,#N/A,3277068,#N/A,553.233516,173,0.0002,7838,0.0024
sp|P04156|PRIO_HUMAN,PRNP,Homo sapiens,YPGQGSPGGNR,YPGQGSPGGNR,QC180731_PrP_Exp15_C_01.raw,7/31/2018 6:14:14 PM,QC180731_PrP_Exp15_C_01,,19.17,y7,545.257236,700295,0.7055,2282664,0.7141,550.261371,992656,#N/A,3196512,#N/A,553.233516,2028,0.002,8623,0.0027
sp|P04156|PRIO_HUMAN,PRNP,Homo sapiens,YPGQGSPGGNR,YPGQGSPGGNR,QC180731_PrP_Exp15_D_01.raw,7/31/2018 7:52:15 PM,QC180731_PrP_Exp15_D_01,,19.35,y7,545.257236,758191,0.8238,2347087,0.8082,550.261371,920352,#N/A,2904024,#N/A,553.233516,11659,0.0127,32539,0.0112
sp|P04156|PRIO_HUMAN,PRNP,Homo sapiens,YPGQGSPGGNR,YPGQGSPGGNR,QC180731_PrP_Exp15_E_01.raw,7/31/2018 9:30:41 PM,QC180731_PrP_Exp15_E_01,,18.87,y7,545.257236,643688,0.7883,1990139,0.7654,550.261371,816517,#N/A,2600034,#N/A,553.233516,10057,0.0123,26243,0.0101
sp|P04156|PRIO_HUMAN,PRNP,Homo sapiens,YPGQGSPGGNR,YPGQGSPGGNR,QC180731_PrP_Exp15_F_01.raw,7/31/2018 11:09:33 PM,QC180731_PrP_Exp15_F_01,,19.09,y7,545.257236,539081,0.7535,1652301,0.748,550.261371,715416,#N/A,2208820,#N/A,553.233516,7316,0.0102,21935,0.0099
sp|P04156|PRIO_HUMAN,PRNP,Homo sapiens,YPGQGSPGGNR,YPGQGSPGGNR,QC180731_PrP_Exp15_G_01.raw,8/1/2018 2:26:32 AM,QC180731_PrP_Exp15_G_01,,19.88,y7,545.257236,656887,0.7419,2099258,0.7535,550.261371,885457,#N/A,2786096,#N/A,553.233516,95428,0.1078,281079,0.1009
sp|P04156|PRIO_HUMAN,PRNP,Homo sapiens,YPGQGSPGGNR,YPGQGSPGGNR,QC180731_PrP_Exp15_H_01.raw,8/1/2018 4:04:47 AM,QC180731_PrP_Exp15_H_01,,18.91,y7,545.257236,549083,0.7482,1726476,0.7303,550.261371,733890,#N/A,2364145,#N/A,553.233516,70539,0.0961,233612,0.0988
sp|P04156|PRIO_HUMAN,PRNP,Homo sapiens,YPGQGSPGGNR,YPGQGSPGGNR,QC180731_PrP_Exp15_I_01.raw,8/1/2018 5:43:48 AM,QC180731_PrP_Exp15_I_01,,19.01,y7,545.257236,548616,0.7562,1663736,0.7497,550.261371,725502,#N/A,2219314,#N/A,553.233516,76122,0.1049,231085,0.1041
sp|P04156|PRIO_HUMAN,PRNP,Homo sapiens,YPGQGSPGGNR,YPGQGSPGGNR,QC180731_PrP_Exp15_J_01.raw,8/1/2018 7:21:57 AM,QC180731_PrP_Exp15_J_01,,19.82,y7,545.257236,528847,0.7089,1754425,0.7278,550.261371,745975,#N/A,2410589,#N/A,553.233516,704529,0.9444,2278117,0.945
sp|P04156|PRIO_HUMAN,PRNP,Homo sapiens,YPGQGSPGGNR,YPGQGSPGGNR,QC180731_PrP_Exp15_K_01.raw,8/1/2018 9:00:38 AM,QC180731_PrP_Exp15_K_01,,20.63,y7,545.257236,410325,0.6249,1311357,0.6452,550.261371,656608,#N/A,2032328,#N/A,553.233516,555334,0.8458,1791873,0.8817
sp|P04156|PRIO_HUMAN,PRNP,Homo sapiens,YPGQGSPGGNR,YPGQGSPGGNR,QC180731_PrP_Exp15_L_01.raw,8/1/2018 10:41:11 AM,QC180731_PrP_Exp15_L_01,,21.26,y7,545.257236,520781,0.6882,1648921,0.7027,550.261371,756715,#N/A,2346581,#N/A,553.233516,703402,0.9295,2179688,0.9289
sp|P04156|PRIO_HUMAN,PRNP,Homo sapiens,YPGQGSPGGNR,YPGQGSPGGNR,QC180731_PrP_Exp15_A_01.raw,7/31/2018 2:57:51 PM,QC180731_PrP_Exp15_A_01,,19.63,y5,545.257236,661706,0.6809,1848390,0.685,550.261371,971852,#N/A,2698410,#N/A,553.233516,9390,0.0097,11591,0.0043
sp|P04156|PRIO_HUMAN,PRNP,Homo sapiens,YPGQGSPGGNR,YPGQGSPGGNR,QC180731_PrP_Exp15_B_01.raw,7/31/2018 4:36:07 PM,QC180731_PrP_Exp15_B_01,,19.02,y5,545.257236,962765,0.8343,2683996,0.819,550.261371,1153982,#N/A,3277068,#N/A,553.233516,7523,0.0065,7838,0.0024
sp|P04156|PRIO_HUMAN,PRNP,Homo sapiens,YPGQGSPGGNR,YPGQGSPGGNR,QC180731_PrP_Exp15_C_01.raw,7/31/2018 6:14:14 PM,QC180731_PrP_Exp15_C_01,,19.17,y5,545.257236,848079,0.7448,2282664,0.7141,550.261371,1138646,#N/A,3196512,#N/A,553.233516,6561,0.0058,8623,0.0027
sp|P04156|PRIO_HUMAN,PRNP,Homo sapiens,YPGQGSPGGNR,YPGQGSPGGNR,QC180731_PrP_Exp15_D_01.raw,7/31/2018 7:52:15 PM,QC180731_PrP_Exp15_D_01,,19.35,y5,545.257236,810938,0.77,2347087,0.8082,550.261371,1053128,#N/A,2904024,#N/A,553.233516,12053,0.0114,32539,0.0112
sp|P04156|PRIO_HUMAN,PRNP,Homo sapiens,YPGQGSPGGNR,YPGQGSPGGNR,QC180731_PrP_Exp15_E_01.raw,7/31/2018 9:30:41 PM,QC180731_PrP_Exp15_E_01,,18.87,y5,545.257236,712729,0.7439,1990139,0.7654,550.261371,958094,#N/A,2600034,#N/A,553.233516,8448,0.0088,26243,0.0101
sp|P04156|PRIO_HUMAN,PRNP,Homo sapiens,YPGQGSPGGNR,YPGQGSPGGNR,QC180731_PrP_Exp15_F_01.raw,7/31/2018 11:09:33 PM,QC180731_PrP_Exp15_F_01,,19.09,y5,545.257236,583811,0.7363,1652301,0.748,550.261371,792871,#N/A,2208820,#N/A,553.233516,8139,0.0103,21935,0.0099
sp|P04156|PRIO_HUMAN,PRNP,Homo sapiens,YPGQGSPGGNR,YPGQGSPGGNR,QC180731_PrP_Exp15_G_01.raw,8/1/2018 2:26:32 AM,QC180731_PrP_Exp15_G_01,,19.88,y5,545.257236,751674,0.7684,2099258,0.7535,550.261371,978244,#N/A,2786096,#N/A,553.233516,89408,0.0914,281079,0.1009
sp|P04156|PRIO_HUMAN,PRNP,Homo sapiens,YPGQGSPGGNR,YPGQGSPGGNR,QC180731_PrP_Exp15_H_01.raw,8/1/2018 4:04:47 AM,QC180731_PrP_Exp15_H_01,,18.91,y5,545.257236,612048,0.725,1726476,0.7303,550.261371,844256,#N/A,2364145,#N/A,553.233516,90454,0.1071,233612,0.0988
sp|P04156|PRIO_HUMAN,PRNP,Homo sapiens,YPGQGSPGGNR,YPGQGSPGGNR,QC180731_PrP_Exp15_I_01.raw,8/1/2018 5:43:48 AM,QC180731_PrP_Exp15_I_01,,19.01,y5,545.257236,596841,0.7561,1663736,0.7497,550.261371,789345,#N/A,2219314,#N/A,553.233516,85673,0.1085,231085,0.1041
sp|P04156|PRIO_HUMAN,PRNP,Homo sapiens,YPGQGSPGGNR,YPGQGSPGGNR,QC180731_PrP_Exp15_J_01.raw,8/1/2018 7:21:57 AM,QC180731_PrP_Exp15_J_01,,19.82,y5,545.257236,642811,0.7425,1754425,0.7278,550.261371,865693,#N/A,2410589,#N/A,553.233516,845699,0.9769,2278117,0.945
sp|P04156|PRIO_HUMAN,PRNP,Homo sapiens,YPGQGSPGGNR,YPGQGSPGGNR,QC180731_PrP_Exp15_K_01.raw,8/1/2018 9:00:38 AM,QC180731_PrP_Exp15_K_01,,20.63,y5,545.257236,470033,0.6618,1311357,0.6452,550.261371,710223,#N/A,2032328,#N/A,553.233516,656092,0.9238,1791873,0.8817
sp|P04156|PRIO_HUMAN,PRNP,Homo sapiens,YPGQGSPGGNR,YPGQGSPGGNR,QC180731_PrP_Exp15_L_01.raw,8/1/2018 10:41:11 AM,QC180731_PrP_Exp15_L_01,,21.26,y5,545.257236,600478,0.6929,1648921,0.7027,550.261371,866640,#N/A,2346581,#N/A,553.233516,809021,0.9335,2179688,0.9289
sp|P04156|PRIO_HUMAN,PRNP,Homo sapiens,GENFTETDVK,GENFTETDVK,QC180731_PrP_Exp15_A_01.raw,7/31/2018 2:57:51 PM,QC180731_PrP_Exp15_A_01,,29.33,y7,570.264393,291859,0.5228,2086719,0.5347,574.271492,558233,#N/A,3902392,#N/A,576.246603,1393,0.0025,28383,0.0073
sp|P04156|PRIO_HUMAN,PRNP,Homo sapiens,GENFTETDVK,GENFTETDVK,QC180731_PrP_Exp15_B_01.raw,7/31/2018 4:36:07 PM,QC180731_PrP_Exp15_B_01,,28.84,y7,570.264393,328740,0.5895,2594076,0.6064,574.271492,557618,#N/A,4277865,#N/A,576.246603,1056,0.0019,46291,0.0108
sp|P04156|PRIO_HUMAN,PRNP,Homo sapiens,GENFTETDVK,GENFTETDVK,QC180731_PrP_Exp15_C_01.raw,7/31/2018 6:14:14 PM,QC180731_PrP_Exp15_C_01,,28.74,y7,570.264393,320626,0.5742,2511093,0.6049,574.271492,558432,#N/A,4151121,#N/A,576.246603,546,0.001,24867,0.006
sp|P04156|PRIO_HUMAN,PRNP,Homo sapiens,GENFTETDVK,GENFTETDVK,QC180731_PrP_Exp15_D_01.raw,7/31/2018 7:52:15 PM,QC180731_PrP_Exp15_D_01,,28.47,y7,570.264393,288564,0.5807,2535790,0.6295,574.271492,496905,#N/A,4028309,#N/A,576.246603,11376,0.0229,128371,0.0319
sp|P04156|PRIO_HUMAN,PRNP,Homo sapiens,GENFTETDVK,GENFTETDVK,QC180731_PrP_Exp15_E_01.raw,7/31/2018 9:30:41 PM,QC180731_PrP_Exp15_E_01,,28.39,y7,570.264393,302738,0.6069,2614656,0.62,574.271492,498818,#N/A,4217050,#N/A,576.246603,17254,0.0346,137090,0.0325
sp|P04156|PRIO_HUMAN,PRNP,Homo sapiens,GENFTETDVK,GENFTETDVK,QC180731_PrP_Exp15_F_01.raw,7/31/2018 11:09:33 PM,QC180731_PrP_Exp15_F_01,,28.46,y7,570.264393,205157,0.5584,1695992,0.5689,574.271492,367417,#N/A,2981086,#N/A,576.246603,9643,0.0262,114277,0.0383
sp|P04156|PRIO_HUMAN,PRNP,Homo sapiens,GENFTETDVK,GENFTETDVK,QC180731_PrP_Exp15_G_01.raw,8/1/2018 2:26:32 AM,QC180731_PrP_Exp15_G_01,,28.65,y7,570.264393,252083,0.5779,2057410,0.5916,574.271492,436171,#N/A,3477644,#N/A,576.246603,137653,0.3156,1031900,0.2967
sp|P04156|PRIO_HUMAN,PRNP,Homo sapiens,GENFTETDVK,GENFTETDVK,QC180731_PrP_Exp15_H_01.raw,8/1/2018 4:04:47 AM,QC180731_PrP_Exp15_H_01,,28.38,y7,570.264393,328350,0.5856,2767982,0.5926,574.271492,560669,#N/A,4670836,#N/A,576.246603,188392,0.336,1524597,0.3264
sp|P04156|PRIO_HUMAN,PRNP,Homo sapiens,GENFTETDVK,GENFTETDVK,QC180731_PrP_Exp15_I_01.raw,8/1/2018 5:43:48 AM,QC180731_PrP_Exp15_I_01,,28.35,y7,570.264393,303999,0.5556,2612716,0.5685,574.271492,547149,#N/A,4595605,#N/A,576.246603,175699,0.3211,1456290,0.3169
sp|P04156|PRIO_HUMAN,PRNP,Homo sapiens,GENFTETDVK,GENFTETDVK,QC180731_PrP_Exp15_J_01.raw,8/1/2018 7:21:57 AM,QC180731_PrP_Exp15_J_01,,28.01,y7,570.264393,332928,0.5933,2621066,0.6036,574.271492,561107,#N/A,4342581,#N/A,576.246603,1678705,2.9918,12921596,2.9756
sp|P04156|PRIO_HUMAN,PRNP,Homo sapiens,GENFTETDVK,GENFTETDVK,QC180731_PrP_Exp15_K_01.raw,8/1/2018 9:00:38 AM,QC180731_PrP_Exp15_K_01,,28.99,y7,570.264393,204679,0.5631,1788972,0.5971,574.271492,363505,#N/A,2996045,#N/A,576.246603,1024149,2.8174,8230891,2.7473
sp|P04156|PRIO_HUMAN,PRNP,Homo sapiens,GENFTETDVK,GENFTETDVK,QC180731_PrP_Exp15_L_01.raw,8/1/2018 10:41:11 AM,QC180731_PrP_Exp15_L_01,,29.81,y7,570.264393,262618,0.5844,2229195,0.5939,574.271492,449409,#N/A,3753646,#N/A,576.246603,1312217,2.9199,11034276,2.9396
sp|P04156|PRIO_HUMAN,PRNP,Homo sapiens,GENFTETDVK,GENFTETDVK,QC180731_PrP_Exp15_A_01.raw,7/31/2018 2:57:51 PM,QC180731_PrP_Exp15_A_01,,29.33,y6,570.264393,1141007,0.5402,2086719,0.5347,574.271492,2112040,#N/A,3902392,#N/A,576.246603,3350,0.0016,28383,0.0073
sp|P04156|PRIO_HUMAN,PRNP,Homo sapiens,GENFTETDVK,GENFTETDVK,QC180731_PrP_Exp15_B_01.raw,7/31/2018 4:36:07 PM,QC180731_PrP_Exp15_B_01,,28.84,y6,570.264393,1433492,0.6116,2594076,0.6064,574.271492,2343672,#N/A,4277865,#N/A,576.246603,4575,0.002,46291,0.0108
sp|P04156|PRIO_HUMAN,PRNP,Homo sapiens,GENFTETDVK,GENFTETDVK,QC180731_PrP_Exp15_C_01.raw,7/31/2018 6:14:14 PM,QC180731_PrP_Exp15_C_01,,28.74,y6,570.264393,1408113,0.6227,2511093,0.6049,574.271492,2261304,#N/A,4151121,#N/A,576.246603,2640,0.0012,24867,0.006
sp|P04156|PRIO_HUMAN,PRNP,Homo sapiens,GENFTETDVK,GENFTETDVK,QC180731_PrP_Exp15_D_01.raw,7/31/2018 7:52:15 PM,QC180731_PrP_Exp15_D_01,,28.47,y6,570.264393,1430984,0.6409,2535790,0.6295,574.271492,2232807,#N/A,4028309,#N/A,576.246603,66709,0.0299,128371,0.0319
sp|P04156|PRIO_HUMAN,PRNP,Homo sapiens,GENFTETDVK,GENFTETDVK,QC180731_PrP_Exp15_E_01.raw,7/31/2018 9:30:41 PM,QC180731_PrP_Exp15_E_01,,28.39,y6,570.264393,1478341,0.6294,2614656,0.62,574.271492,2348964,#N/A,4217050,#N/A,576.246603,62638,0.0267,137090,0.0325
sp|P04156|PRIO_HUMAN,PRNP,Homo sapiens,GENFTETDVK,GENFTETDVK,QC180731_PrP_Exp15_F_01.raw,7/31/2018 11:09:33 PM,QC180731_PrP_Exp15_F_01,,28.46,y6,570.264393,936405,0.5752,1695992,0.5689,574.271492,1627982,#N/A,2981086,#N/A,576.246603,58817,0.0361,114277,0.0383
sp|P04156|PRIO_HUMAN,PRNP,Homo sapiens,GENFTETDVK,GENFTETDVK,QC180731_PrP_Exp15_G_01.raw,8/1/2018 2:26:32 AM,QC180731_PrP_Exp15_G_01,,28.65,y6,570.264393,1141136,0.602,2057410,0.5916,574.271492,1895575,#N/A,3477644,#N/A,576.246603,559605,0.2952,1031900,0.2967
sp|P04156|PRIO_HUMAN,PRNP,Homo sapiens,GENFTETDVK,GENFTETDVK,QC180731_PrP_Exp15_H_01.raw,8/1/2018 4:04:47 AM,QC180731_PrP_Exp15_H_01,,28.38,y6,570.264393,1562997,0.5925,2767982,0.5926,574.271492,2638131,#N/A,4670836,#N/A,576.246603,818443,0.3102,1524597,0.3264
sp|P04156|PRIO_HUMAN,PRNP,Homo sapiens,GENFTETDVK,GENFTETDVK,QC180731_PrP_Exp15_I_01.raw,8/1/2018 5:43:48 AM,QC180731_PrP_Exp15_I_01,,28.35,y6,570.264393,1462880,0.5671,2612716,0.5685,574.271492,2579763,#N/A,4595605,#N/A,576.246603,803564,0.3115,1456290,0.3169
sp|P04156|PRIO_HUMAN,PRNP,Homo sapiens,GENFTETDVK,GENFTETDVK,QC180731_PrP_Exp15_J_01.raw,8/1/2018 7:21:57 AM,QC180731_PrP_Exp15_J_01,,28.01,y6,570.264393,1446635,0.6012,2621066,0.6036,574.271492,2406182,#N/A,4342581,#N/A,576.246603,7172987,2.9811,12921596,2.9756
sp|P04156|PRIO_HUMAN,PRNP,Homo sapiens,GENFTETDVK,GENFTETDVK,QC180731_PrP_Exp15_K_01.raw,8/1/2018 9:00:38 AM,QC180731_PrP_Exp15_K_01,,28.99,y6,570.264393,995505,0.5974,1788972,0.5971,574.271492,1666407,#N/A,2996045,#N/A,576.246603,4571394,2.7433,8230891,2.7473
sp|P04156|PRIO_HUMAN,PRNP,Homo sapiens,GENFTETDVK,GENFTETDVK,QC180731_PrP_Exp15_L_01.raw,8/1/2018 10:41:11 AM,QC180731_PrP_Exp15_L_01,,29.81,y6,570.264393,1247147,0.5991,2229195,0.5939,574.271492,2081610,#N/A,3753646,#N/A,576.246603,6151751,2.9553,11034276,2.9396
sp|P04156|PRIO_HUMAN,PRNP,Homo sapiens,GENFTETDVK,GENFTETDVK,QC180731_PrP_Exp15_A_01.raw,7/31/2018 2:57:51 PM,QC180731_PrP_Exp15_A_01,,29.33,y5,570.264393,380030,0.5439,2086719,0.5347,574.271492,698709,#N/A,3902392,#N/A,576.246603,67,0.0001,28383,0.0073
sp|P04156|PRIO_HUMAN,PRNP,Homo sapiens,GENFTETDVK,GENFTETDVK,QC180731_PrP_Exp15_B_01.raw,7/31/2018 4:36:07 PM,QC180731_PrP_Exp15_B_01,,28.84,y5,570.264393,475700,0.6011,2594076,0.6064,574.271492,791374,#N/A,4277865,#N/A,576.246603,448,0.0006,46291,0.0108
sp|P04156|PRIO_HUMAN,PRNP,Homo sapiens,GENFTETDVK,GENFTETDVK,QC180731_PrP_Exp15_C_01.raw,7/31/2018 6:14:14 PM,QC180731_PrP_Exp15_C_01,,28.74,y5,570.264393,462282,0.5995,2511093,0.6049,574.271492,771124,#N/A,4151121,#N/A,576.246603,700,0.0009,24867,0.006
sp|P04156|PRIO_HUMAN,PRNP,Homo sapiens,GENFTETDVK,GENFTETDVK,QC180731_PrP_Exp15_D_01.raw,7/31/2018 7:52:15 PM,QC180731_PrP_Exp15_D_01,,28.47,y5,570.264393,467904,0.6152,2535790,0.6295,574.271492,760567,#N/A,4028309,#N/A,576.246603,25053,0.0329,128371,0.0319
sp|P04156|PRIO_HUMAN,PRNP,Homo sapiens,GENFTETDVK,GENFTETDVK,QC180731_PrP_Exp15_E_01.raw,7/31/2018 9:30:41 PM,QC180731_PrP_Exp15_E_01,,28.39,y5,570.264393,484230,0.6084,2614656,0.62,574.271492,795863,#N/A,4217050,#N/A,576.246603,23835,0.0299,137090,0.0325
sp|P04156|PRIO_HUMAN,PRNP,Homo sapiens,GENFTETDVK,GENFTETDVK,QC180731_PrP_Exp15_F_01.raw,7/31/2018 11:09:33 PM,QC180731_PrP_Exp15_F_01,,28.46,y5,570.264393,327512,0.5635,1695992,0.5689,574.271492,581212,#N/A,2981086,#N/A,576.246603,17424,0.03,114277,0.0383
sp|P04156|PRIO_HUMAN,PRNP,Homo sapiens,GENFTETDVK,GENFTETDVK,QC180731_PrP_Exp15_G_01.raw,8/1/2018 2:26:32 AM,QC180731_PrP_Exp15_G_01,,28.65,y5,570.264393,400945,0.6144,2057410,0.5916,574.271492,652621,#N/A,3477644,#N/A,576.246603,191277,0.2931,1031900,0.2967
sp|P04156|PRIO_HUMAN,PRNP,Homo sapiens,GENFTETDVK,GENFTETDVK,QC180731_PrP_Exp15_H_01.raw,8/1/2018 4:04:47 AM,QC180731_PrP_Exp15_H_01,,28.38,y5,570.264393,508171,0.585,2767982,0.5926,574.271492,868694,#N/A,4670836,#N/A,576.246603,290380,0.3343,1524597,0.3264
sp|P04156|PRIO_HUMAN,PRNP,Homo sapiens,GENFTETDVK,GENFTETDVK,QC180731_PrP_Exp15_I_01.raw,8/1/2018 5:43:48 AM,QC180731_PrP_Exp15_I_01,,28.35,y5,570.264393,507589,0.5983,2612716,0.5685,574.271492,848438,#N/A,4595605,#N/A,576.246603,270565,0.3189,1456290,0.3169
sp|P04156|PRIO_HUMAN,PRNP,Homo sapiens,GENFTETDVK,GENFTETDVK,QC180731_PrP_Exp15_J_01.raw,8/1/2018 7:21:57 AM,QC180731_PrP_Exp15_J_01,,28.01,y5,570.264393,486644,0.6048,2621066,0.6036,574.271492,804612,#N/A,4342581,#N/A,576.246603,2388328,2.9683,12921596,2.9756
sp|P04156|PRIO_HUMAN,PRNP,Homo sapiens,GENFTETDVK,GENFTETDVK,QC180731_PrP_Exp15_K_01.raw,8/1/2018 9:00:38 AM,QC180731_PrP_Exp15_K_01,,28.99,y5,570.264393,334084,0.6031,1788972,0.5971,574.271492,553927,#N/A,2996045,#N/A,576.246603,1558994,2.8144,8230891,2.7473
sp|P04156|PRIO_HUMAN,PRNP,Homo sapiens,GENFTETDVK,GENFTETDVK,QC180731_PrP_Exp15_L_01.raw,8/1/2018 10:41:11 AM,QC180731_PrP_Exp15_L_01,,29.81,y5,570.264393,415430,0.5933,2229195,0.5939,574.271492,700199,#N/A,3753646,#N/A,576.246603,2080687,2.9716,11034276,2.9396
sp|P04156|PRIO_HUMAN,PRNP,Homo sapiens,GENFTETDVK,GENFTETDVK,QC180731_PrP_Exp15_A_01.raw,7/31/2018 2:57:51 PM,QC180731_PrP_Exp15_A_01,,29.33,y4,570.264393,273823,0.5133,2086719,0.5347,574.271492,533410,#N/A,3902392,#N/A,576.246603,23574,0.0442,28383,0.0073
sp|P04156|PRIO_HUMAN,PRNP,Homo sapiens,GENFTETDVK,GENFTETDVK,QC180731_PrP_Exp15_B_01.raw,7/31/2018 4:36:07 PM,QC180731_PrP_Exp15_B_01,,28.84,y4,570.264393,356144,0.6086,2594076,0.6064,574.271492,585201,#N/A,4277865,#N/A,576.246603,40212,0.0687,46291,0.0108
sp|P04156|PRIO_HUMAN,PRNP,Homo sapiens,GENFTETDVK,GENFTETDVK,QC180731_PrP_Exp15_C_01.raw,7/31/2018 6:14:14 PM,QC180731_PrP_Exp15_C_01,,28.74,y4,570.264393,320072,0.5713,2511093,0.6049,574.271492,560261,#N/A,4151121,#N/A,576.246603,20981,0.0374,24867,0.006
sp|P04156|PRIO_HUMAN,PRNP,Homo sapiens,GENFTETDVK,GENFTETDVK,QC180731_PrP_Exp15_D_01.raw,7/31/2018 7:52:15 PM,QC180731_PrP_Exp15_D_01,,28.47,y4,570.264393,348338,0.6474,2535790,0.6295,574.271492,538030,#N/A,4028309,#N/A,576.246603,25233,0.0469,128371,0.0319
sp|P04156|PRIO_HUMAN,PRNP,Homo sapiens,GENFTETDVK,GENFTETDVK,QC180731_PrP_Exp15_E_01.raw,7/31/2018 9:30:41 PM,QC180731_PrP_Exp15_E_01,,28.39,y4,570.264393,349346,0.6092,2614656,0.62,574.271492,573405,#N/A,4217050,#N/A,576.246603,33363,0.0582,137090,0.0325
sp|P04156|PRIO_HUMAN,PRNP,Homo sapiens,GENFTETDVK,GENFTETDVK,QC180731_PrP_Exp15_F_01.raw,7/31/2018 11:09:33 PM,QC180731_PrP_Exp15_F_01,,28.46,y4,570.264393,226918,0.561,1695992,0.5689,574.271492,404475,#N/A,2981086,#N/A,576.246603,28393,0.0702,114277,0.0383
sp|P04156|PRIO_HUMAN,PRNP,Homo sapiens,GENFTETDVK,GENFTETDVK,QC180731_PrP_Exp15_G_01.raw,8/1/2018 2:26:32 AM,QC180731_PrP_Exp15_G_01,,28.65,y4,570.264393,263247,0.5337,2057410,0.5916,574.271492,493278,#N/A,3477644,#N/A,576.246603,143365,0.2906,1031900,0.2967
sp|P04156|PRIO_HUMAN,PRNP,Homo sapiens,GENFTETDVK,GENFTETDVK,QC180731_PrP_Exp15_H_01.raw,8/1/2018 4:04:47 AM,QC180731_PrP_Exp15_H_01,,28.38,y4,570.264393,368464,0.6107,2767982,0.5926,574.271492,603342,#N/A,4670836,#N/A,576.246603,227382,0.3769,1524597,0.3264
sp|P04156|PRIO_HUMAN,PRNP,Homo sapiens,GENFTETDVK,GENFTETDVK,QC180731_PrP_Exp15_I_01.raw,8/1/2018 5:43:48 AM,QC180731_PrP_Exp15_I_01,,28.35,y4,570.264393,338248,0.5453,2612716,0.5685,574.271492,620255,#N/A,4595605,#N/A,576.246603,206462,0.3329,1456290,0.3169
sp|P04156|PRIO_HUMAN,PRNP,Homo sapiens,GENFTETDVK,GENFTETDVK,QC180731_PrP_Exp15_J_01.raw,8/1/2018 7:21:57 AM,QC180731_PrP_Exp15_J_01,,28.01,y4,570.264393,354858,0.6218,2621066,0.6036,574.271492,570680,#N/A,4342581,#N/A,576.246603,1681576,2.9466,12921596,2.9756
sp|P04156|PRIO_HUMAN,PRNP,Homo sapiens,GENFTETDVK,GENFTETDVK,QC180731_PrP_Exp15_K_01.raw,8/1/2018 9:00:38 AM,QC180731_PrP_Exp15_K_01,,28.99,y4,570.264393,254704,0.6179,1788972,0.5971,574.271492,412207,#N/A,2996045,#N/A,576.246603,1076354,2.6112,8230891,2.7473
sp|P04156|PRIO_HUMAN,PRNP,Homo sapiens,GENFTETDVK,GENFTETDVK,QC180731_PrP_Exp15_L_01.raw,8/1/2018 10:41:11 AM,QC180731_PrP_Exp15_L_01,,29.81,y4,570.264393,304001,0.5819,2229195,0.5939,574.271492,522427,#N/A,3753646,#N/A,576.246603,1489621,2.8513,11034276,2.9396
sp|P04156|PRIO_HUMAN,PRNP,Homo sapiens,VVEQMCITQYER,VVEQMC[+57]ITQYER,QC180731_PrP_Exp15_A_01.raw,7/31/2018 2:57:51 PM,QC180731_PrP_Exp15_A_01,,41.05,y8,778.365801,2827141,4.5331,13461720,4.5735,783.369935,623660,#N/A,2943438,#N/A,786.840598,12,0,284,0.0001
sp|P04156|PRIO_HUMAN,PRNP,Homo sapiens,VVEQMCITQYER,VVEQMC[+57]ITQYER,QC180731_PrP_Exp15_B_01.raw,7/31/2018 4:36:07 PM,QC180731_PrP_Exp15_B_01,,40.29,y8,778.365801,3896490,4.8547,18630402,4.8294,783.369935,802629,#N/A,3857738,#N/A,786.840598,0,0,1057,0.0003
sp|P04156|PRIO_HUMAN,PRNP,Homo sapiens,VVEQMCITQYER,VVEQMC[+57]ITQYER,QC180731_PrP_Exp15_C_01.raw,7/31/2018 6:14:14 PM,QC180731_PrP_Exp15_C_01,,40.23,y8,778.365801,4273046,5.4473,20894036,5.2004,783.369935,784439,#N/A,4017772,#N/A,786.840598,840,0.0011,848,0.0002
sp|P04156|PRIO_HUMAN,PRNP,Homo sapiens,VVEQMCITQYER,VVEQMC[+57]ITQYER,QC180731_PrP_Exp15_D_01.raw,7/31/2018 7:52:15 PM,QC180731_PrP_Exp15_D_01,,39.84,y8,778.365801,3742825,5.1904,18788632,5.243,783.369935,721105,#N/A,3583586,#N/A,786.840598,18276,0.0253,86581,0.0242
sp|P04156|PRIO_HUMAN,PRNP,Homo sapiens,VVEQMCITQYER,VVEQMC[+57]ITQYER,QC180731_PrP_Exp15_E_01.raw,7/31/2018 9:30:41 PM,QC180731_PrP_Exp15_E_01,,40.03,y8,778.365801,4174053,5.0025,20578508,5.0028,783.369935,834389,#N/A,4113418,#N/A,786.840598,20499,0.0246,100921,0.0245
sp|P04156|PRIO_HUMAN,PRNP,Homo sapiens,VVEQMCITQYER,VVEQMC[+57]ITQYER,QC180731_PrP_Exp15_F_01.raw,7/31/2018 11:09:33 PM,QC180731_PrP_Exp15_F_01,,39.95,y8,778.365801,2819176,4.8822,14014870,5.032,783.369935,577437,#N/A,2785172,#N/A,786.840598,14996,0.026,73415,0.0264
sp|P04156|PRIO_HUMAN,PRNP,Homo sapiens,VVEQMCITQYER,VVEQMC[+57]ITQYER,QC180731_PrP_Exp15_G_01.raw,8/1/2018 2:26:32 AM,QC180731_PrP_Exp15_G_01,,40.19,y8,778.365801,2835231,4.7916,14505124,5.0398,783.369935,591709,#N/A,2878138,#N/A,786.840598,160824,0.2718,786786,0.2734
sp|P04156|PRIO_HUMAN,PRNP,Homo sapiens,VVEQMCITQYER,VVEQMC[+57]ITQYER,QC180731_PrP_Exp15_H_01.raw,8/1/2018 4:04:47 AM,QC180731_PrP_Exp15_H_01,,39.97,y8,778.365801,4354420,5.3373,21544302,5.304,783.369935,815846,#N/A,4061881,#N/A,786.840598,234115,0.287,1240857,0.3055
sp|P04156|PRIO_HUMAN,PRNP,Homo sapiens,VVEQMCITQYER,VVEQMC[+57]ITQYER,QC180731_PrP_Exp15_I_01.raw,8/1/2018 5:43:48 AM,QC180731_PrP_Exp15_I_01,,39.91,y8,778.365801,3839495,5.5295,19355272,5.6134,783.369935,694364,#N/A,3448018,#N/A,786.840598,228981,0.3298,1086086,0.315
sp|P04156|PRIO_HUMAN,PRNP,Homo sapiens,VVEQMCITQYER,VVEQMC[+57]ITQYER,QC180731_PrP_Exp15_J_01.raw,8/1/2018 7:21:57 AM,QC180731_PrP_Exp15_J_01,,40.34,y8,778.365801,3196120,5.937,15338411,5.8001,783.369935,538341,#N/A,2644512,#N/A,786.840598,1640990,3.0482,8318478,3.1456
sp|P04156|PRIO_HUMAN,PRNP,Homo sapiens,VVEQMCITQYER,VVEQMC[+57]ITQYER,QC180731_PrP_Exp15_K_01.raw,8/1/2018 9:00:38 AM,QC180731_PrP_Exp15_K_01,,40.45,y8,778.365801,3048056,5.4613,15111286,5.6621,783.369935,558121,#N/A,2668871,#N/A,786.840598,1646770,2.9506,7838832,2.9371
sp|P04156|PRIO_HUMAN,PRNP,Homo sapiens,VVEQMCITQYER,VVEQMC[+57]ITQYER,QC180731_PrP_Exp15_L_01.raw,8/1/2018 10:41:11 AM,QC180731_PrP_Exp15_L_01,,41.58,y8,778.365801,4164963,5.5476,20487040,5.8113,783.369935,750771,#N/A,3525395,#N/A,786.840598,2301433,3.0654,11224086,3.1838
sp|P04156|PRIO_HUMAN,PRNP,Homo sapiens,VVEQMCITQYER,VVEQMC[+57]ITQYER,QC180731_PrP_Exp15_A_01.raw,7/31/2018 2:57:51 PM,QC180731_PrP_Exp15_A_01,,41.05,y7,778.365801,4745129,4.5685,13461720,4.5735,783.369935,1038653,#N/A,2943438,#N/A,786.840598,0,0,284,0.0001
sp|P04156|PRIO_HUMAN,PRNP,Homo sapiens,VVEQMCITQYER,VVEQMC[+57]ITQYER,QC180731_PrP_Exp15_B_01.raw,7/31/2018 4:36:07 PM,QC180731_PrP_Exp15_B_01,,40.29,y7,778.365801,6601507,4.7177,18630402,4.8294,783.369935,1399301,#N/A,3857738,#N/A,786.840598,21,0,1057,0.0003
sp|P04156|PRIO_HUMAN,PRNP,Homo sapiens,VVEQMCITQYER,VVEQMC[+57]ITQYER,QC180731_PrP_Exp15_C_01.raw,7/31/2018 6:14:14 PM,QC180731_PrP_Exp15_C_01,,40.23,y7,778.365801,7393444,5.0892,20894036,5.2004,783.369935,1452785,#N/A,4017772,#N/A,786.840598,7,0,848,0.0002
sp|P04156|PRIO_HUMAN,PRNP,Homo sapiens,VVEQMCITQYER,VVEQMC[+57]ITQYER,QC180731_PrP_Exp15_D_01.raw,7/31/2018 7:52:15 PM,QC180731_PrP_Exp15_D_01,,39.84,y7,778.365801,6657953,5.1854,18788632,5.243,783.369935,1283989,#N/A,3583586,#N/A,786.840598,31897,0.0248,86581,0.0242
sp|P04156|PRIO_HUMAN,PRNP,Homo sapiens,VVEQMCITQYER,VVEQMC[+57]ITQYER,QC180731_PrP_Exp15_E_01.raw,7/31/2018 9:30:41 PM,QC180731_PrP_Exp15_E_01,,40.03,y7,778.365801,7308820,4.8887,20578508,5.0028,783.369935,1495042,#N/A,4113418,#N/A,786.840598,34638,0.0232,100921,0.0245
sp|P04156|PRIO_HUMAN,PRNP,Homo sapiens,VVEQMCITQYER,VVEQMC[+57]ITQYER,QC180731_PrP_Exp15_F_01.raw,7/31/2018 11:09:33 PM,QC180731_PrP_Exp15_F_01,,39.95,y7,778.365801,4950815,5.1136,14014870,5.032,783.369935,968163,#N/A,2785172,#N/A,786.840598,21311,0.022,73415,0.0264
sp|P04156|PRIO_HUMAN,PRNP,Homo sapiens,VVEQMCITQYER,VVEQMC[+57]ITQYER,QC180731_PrP_Exp15_G_01.raw,8/1/2018 2:26:32 AM,QC180731_PrP_Exp15_G_01,,40.19,y7,778.365801,5111789,4.9689,14505124,5.0398,783.369935,1028750,#N/A,2878138,#N/A,786.840598,290753,0.2826,786786,0.2734
sp|P04156|PRIO_HUMAN,PRNP,Homo sapiens,VVEQMCITQYER,VVEQMC[+57]ITQYER,QC180731_PrP_Exp15_H_01.raw,8/1/2018 4:04:47 AM,QC180731_PrP_Exp15_H_01,,39.97,y7,778.365801,7624528,5.2796,21544302,5.304,783.369935,1444155,#N/A,4061881,#N/A,786.840598,442317,0.3063,1240857,0.3055
sp|P04156|PRIO_HUMAN,PRNP,Homo sapiens,VVEQMCITQYER,VVEQMC[+57]ITQYER,QC180731_PrP_Exp15_I_01.raw,8/1/2018 5:43:48 AM,QC180731_PrP_Exp15_I_01,,39.91,y7,778.365801,6869060,5.5903,19355272,5.6134,783.369935,1228740,#N/A,3448018,#N/A,786.840598,382053,0.3109,1086086,0.315
sp|P04156|PRIO_HUMAN,PRNP,Homo sapiens,VVEQMCITQYER,VVEQMC[+57]ITQYER,QC180731_PrP_Exp15_J_01.raw,8/1/2018 7:21:57 AM,QC180731_PrP_Exp15_J_01,,40.34,y7,778.365801,5424233,5.7542,15338411,5.8001,783.369935,942652,#N/A,2644512,#N/A,786.840598,2973256,3.1541,8318478,3.1456
sp|P04156|PRIO_HUMAN,PRNP,Homo sapiens,VVEQMCITQYER,VVEQMC[+57]ITQYER,QC180731_PrP_Exp15_K_01.raw,8/1/2018 9:00:38 AM,QC180731_PrP_Exp15_K_01,,40.45,y7,778.365801,5367356,5.6382,15111286,5.6621,783.369935,951958,#N/A,2668871,#N/A,786.840598,2785290,2.9259,7838832,2.9371
sp|P04156|PRIO_HUMAN,PRNP,Homo sapiens,VVEQMCITQYER,VVEQMC[+57]ITQYER,QC180731_PrP_Exp15_L_01.raw,8/1/2018 10:41:11 AM,QC180731_PrP_Exp15_L_01,,41.58,y7,778.365801,7283894,5.7874,20487040,5.8113,783.369935,1258584,#N/A,3525395,#N/A,786.840598,3986185,3.1672,11224086,3.1838
sp|P04156|PRIO_HUMAN,PRNP,Homo sapiens,VVEQMCITQYER,VVEQMC[+57]ITQYER,QC180731_PrP_Exp15_A_01.raw,7/31/2018 2:57:51 PM,QC180731_PrP_Exp15_A_01,,41.05,y5,778.365801,5889451,4.5971,13461720,4.5735,783.369935,1281125,#N/A,2943438,#N/A,786.840598,272,0.0002,284,0.0001
sp|P04156|PRIO_HUMAN,PRNP,Homo sapiens,VVEQMCITQYER,VVEQMC[+57]ITQYER,QC180731_PrP_Exp15_B_01.raw,7/31/2018 4:36:07 PM,QC180731_PrP_Exp15_B_01,,40.29,y5,778.365801,8132406,4.9114,18630402,4.8294,783.369935,1655808,#N/A,3857738,#N/A,786.840598,1036,0.0006,1057,0.0003
sp|P04156|PRIO_HUMAN,PRNP,Homo sapiens,VVEQMCITQYER,VVEQMC[+57]ITQYER,QC180731_PrP_Exp15_C_01.raw,7/31/2018 6:14:14 PM,QC180731_PrP_Exp15_C_01,,40.23,y5,778.365801,9227547,5.1824,20894036,5.2004,783.369935,1780548,#N/A,4017772,#N/A,786.840598,0,0,848,0.0002
sp|P04156|PRIO_HUMAN,PRNP,Homo sapiens,VVEQMCITQYER,VVEQMC[+57]ITQYER,QC180731_PrP_Exp15_D_01.raw,7/31/2018 7:52:15 PM,QC180731_PrP_Exp15_D_01,,39.84,y5,778.365801,8387854,5.3138,18788632,5.243,783.369935,1578492,#N/A,3583586,#N/A,786.840598,36408,0.0231,86581,0.0242
sp|P04156|PRIO_HUMAN,PRNP,Homo sapiens,VVEQMCITQYER,VVEQMC[+57]ITQYER,QC180731_PrP_Exp15_E_01.raw,7/31/2018 9:30:41 PM,QC180731_PrP_Exp15_E_01,,40.03,y5,778.365801,9095636,5.0985,20578508,5.0028,783.369935,1783988,#N/A,4113418,#N/A,786.840598,45783,0.0257,100921,0.0245
sp|P04156|PRIO_HUMAN,PRNP,Homo sapiens,VVEQMCITQYER,VVEQMC[+57]ITQYER,QC180731_PrP_Exp15_F_01.raw,7/31/2018 11:09:33 PM,QC180731_PrP_Exp15_F_01,,39.95,y5,778.365801,6244880,5.0379,14014870,5.032,783.369935,1239571,#N/A,2785172,#N/A,786.840598,37108,0.0299,73415,0.0264
sp|P04156|PRIO_HUMAN,PRNP,Homo sapiens,VVEQMCITQYER,VVEQMC[+57]ITQYER,QC180731_PrP_Exp15_G_01.raw,8/1/2018 2:26:32 AM,QC180731_PrP_Exp15_G_01,,40.19,y5,778.365801,6558104,5.2144,14505124,5.0398,783.369935,1257680,#N/A,2878138,#N/A,786.840598,335209,0.2665,786786,0.2734
sp|P04156|PRIO_HUMAN,PRNP,Homo sapiens,VVEQMCITQYER,VVEQMC[+57]ITQYER,QC180731_PrP_Exp15_H_01.raw,8/1/2018 4:04:47 AM,QC180731_PrP_Exp15_H_01,,39.97,y5,778.365801,9565354,5.3085,21544302,5.304,783.369935,1801880,#N/A,4061881,#N/A,786.840598,564424,0.3132,1240857,0.3055
sp|P04156|PRIO_HUMAN,PRNP,Homo sapiens,VVEQMCITQYER,VVEQMC[+57]ITQYER,QC180731_PrP_Exp15_I_01.raw,8/1/2018 5:43:48 AM,QC180731_PrP_Exp15_I_01,,39.91,y5,778.365801,8646717,5.6703,19355272,5.6134,783.369935,1524914,#N/A,3448018,#N/A,786.840598,475052,0.3115,1086086,0.315
sp|P04156|PRIO_HUMAN,PRNP,Homo sapiens,VVEQMCITQYER,VVEQMC[+57]ITQYER,QC180731_PrP_Exp15_J_01.raw,8/1/2018 7:21:57 AM,QC180731_PrP_Exp15_J_01,,40.34,y5,778.365801,6718059,5.7739,15338411,5.8001,783.369935,1163518,#N/A,2644512,#N/A,786.840598,3704232,3.1836,8318478,3.1456
sp|P04156|PRIO_HUMAN,PRNP,Homo sapiens,VVEQMCITQYER,VVEQMC[+57]ITQYER,QC180731_PrP_Exp15_K_01.raw,8/1/2018 9:00:38 AM,QC180731_PrP_Exp15_K_01,,40.45,y5,778.365801,6695874,5.7783,15111286,5.6621,783.369935,1158793,#N/A,2668871,#N/A,786.840598,3406772,2.9399,7838832,2.9371
sp|P04156|PRIO_HUMAN,PRNP,Homo sapiens,VVEQMCITQYER,VVEQMC[+57]ITQYER,QC180731_PrP_Exp15_L_01.raw,8/1/2018 10:41:11 AM,QC180731_PrP_Exp15_L_01,,41.58,y5,778.365801,9038184,5.9617,20487040,5.8113,783.369935,1516040,#N/A,3525395,#N/A,786.840598,4936469,3.2562,11224086,3.1838
sp|P04156|PRIO_HUMAN,PRNP,Homo sapiens,ESQAYYQR,ESQAYYQR,QC180731_PrP_Exp15_A_01.raw,7/31/2018 2:57:51 PM,QC180731_PrP_Exp15_A_01,,20.36,y5,522.740888,402956,1.8289,1798368,1.7911,527.745022,220332,#N/A,1004067,#N/A,529.221615,78,0.0004,5508,0.0055
sp|P04156|PRIO_HUMAN,PRNP,Homo sapiens,ESQAYYQR,ESQAYYQR,QC180731_PrP_Exp15_B_01.raw,7/31/2018 4:36:07 PM,QC180731_PrP_Exp15_B_01,,19.59,y5,522.740888,303849,1.9077,1356303,1.7719,527.745022,159274,#N/A,765440,#N/A,529.221615,185,0.0012,1498,0.002
sp|P04156|PRIO_HUMAN,PRNP,Homo sapiens,ESQAYYQR,ESQAYYQR,QC180731_PrP_Exp15_C_01.raw,7/31/2018 6:14:14 PM,QC180731_PrP_Exp15_C_01,,19.76,y5,522.740888,431011,1.7021,1932636,1.8195,527.745022,253216,#N/A,1062167,#N/A,529.221615,16,0.0001,7667,0.0072
sp|P04156|PRIO_HUMAN,PRNP,Homo sapiens,ESQAYYQR,ESQAYYQR,QC180731_PrP_Exp15_D_01.raw,7/31/2018 7:52:15 PM,QC180731_PrP_Exp15_D_01,,19.86,y5,522.740888,281474,1.9056,1266968,1.8271,527.745022,147710,#N/A,693439,#N/A,529.221615,6729,0.0456,29837,0.043
sp|P04156|PRIO_HUMAN,PRNP,Homo sapiens,ESQAYYQR,ESQAYYQR,QC180731_PrP_Exp15_E_01.raw,7/31/2018 9:30:41 PM,QC180731_PrP_Exp15_E_01,,19.46,y5,522.740888,335329,1.8686,1457226,1.7997,527.745022,179452,#N/A,809700,#N/A,529.221615,6013,0.0335,30111,0.0372
sp|P04156|PRIO_HUMAN,PRNP,Homo sapiens,ESQAYYQR,ESQAYYQR,QC180731_PrP_Exp15_F_01.raw,7/31/2018 11:09:33 PM,QC180731_PrP_Exp15_F_01,,19.71,y5,522.740888,253787,1.7404,1123325,1.766,527.745022,145817,#N/A,636085,#N/A,529.221615,4161,0.0285,25182,0.0396
sp|P04156|PRIO_HUMAN,PRNP,Homo sapiens,ESQAYYQR,ESQAYYQR,QC180731_PrP_Exp15_G_01.raw,8/1/2018 2:26:32 AM,QC180731_PrP_Exp15_G_01,,20.57,y5,522.740888,347829,1.6593,1560884,1.722,527.745022,209626,#N/A,906425,#N/A,529.221615,60036,0.2864,279043,0.3079
sp|P04156|PRIO_HUMAN,PRNP,Homo sapiens,ESQAYYQR,ESQAYYQR,QC180731_PrP_Exp15_H_01.raw,8/1/2018 4:04:47 AM,QC180731_PrP_Exp15_H_01,,19.53,y5,522.740888,289709,1.9238,1336960,1.8937,527.745022,150590,#N/A,706014,#N/A,529.221615,56094,0.3725,253095,0.3585
sp|P04156|PRIO_HUMAN,PRNP,Homo sapiens,ESQAYYQR,ESQAYYQR,QC180731_PrP_Exp15_I_01.raw,8/1/2018 5:43:48 AM,QC180731_PrP_Exp15_I_01,,19.63,y5,522.740888,329711,1.7272,1482362,1.7864,527.745022,190893,#N/A,829814,#N/A,529.221615,58651,0.3072,282378,0.3403
sp|P04156|PRIO_HUMAN,PRNP,Homo sapiens,ESQAYYQR,ESQAYYQR,QC180731_PrP_Exp15_J_01.raw,8/1/2018 7:21:57 AM,QC180731_PrP_Exp15_J_01,,20.43,y5,522.740888,350358,1.7932,1646374,1.8433,527.745022,195380,#N/A,893155,#N/A,529.221615,629483,3.2218,2860850,3.2031
sp|P04156|PRIO_HUMAN,PRNP,Homo sapiens,ESQAYYQR,ESQAYYQR,QC180731_PrP_Exp15_K_01.raw,8/1/2018 9:00:38 AM,QC180731_PrP_Exp15_K_01,,21.4,y5,522.740888,366395,1.8519,1690157,1.8658,527.745022,197844,#N/A,905865,#N/A,529.221615,599974,3.0326,2779827,3.0687
sp|P04156|PRIO_HUMAN,PRNP,Homo sapiens,ESQAYYQR,ESQAYYQR,QC180731_PrP_Exp15_L_01.raw,8/1/2018 10:41:11 AM,QC180731_PrP_Exp15_L_01,,21.8,y5,522.740888,215524,1.687,989827,1.7977,527.745022,127759,#N/A,550617,#N/A,529.221615,392001,3.0683,1813107,3.2929
sp|P04156|PRIO_HUMAN,PRNP,Homo sapiens,ESQAYYQR,ESQAYYQR,QC180731_PrP_Exp15_A_01.raw,7/31/2018 2:57:51 PM,QC180731_PrP_Exp15_A_01,,20.36,y4,522.740888,559096,1.7124,1798368,1.7911,527.745022,326489,#N/A,1004067,#N/A,529.221615,903,0.0028,5508,0.0055
sp|P04156|PRIO_HUMAN,PRNP,Homo sapiens,ESQAYYQR,ESQAYYQR,QC180731_PrP_Exp15_B_01.raw,7/31/2018 4:36:07 PM,QC180731_PrP_Exp15_B_01,,19.59,y4,522.740888,415948,1.7085,1356303,1.7719,527.745022,243458,#N/A,765440,#N/A,529.221615,120,0.0005,1498,0.002
sp|P04156|PRIO_HUMAN,PRNP,Homo sapiens,ESQAYYQR,ESQAYYQR,QC180731_PrP_Exp15_C_01.raw,7/31/2018 6:14:14 PM,QC180731_PrP_Exp15_C_01,,19.76,y4,522.740888,597521,1.8801,1932636,1.8195,527.745022,317818,#N/A,1062167,#N/A,529.221615,2314,0.0073,7667,0.0072
sp|P04156|PRIO_HUMAN,PRNP,Homo sapiens,ESQAYYQR,ESQAYYQR,QC180731_PrP_Exp15_D_01.raw,7/31/2018 7:52:15 PM,QC180731_PrP_Exp15_D_01,,19.86,y4,522.740888,396567,1.8066,1266968,1.8271,527.745022,219514,#N/A,693439,#N/A,529.221615,7250,0.033,29837,0.043
sp|P04156|PRIO_HUMAN,PRNP,Homo sapiens,ESQAYYQR,ESQAYYQR,QC180731_PrP_Exp15_E_01.raw,7/31/2018 9:30:41 PM,QC180731_PrP_Exp15_E_01,,19.46,y4,522.740888,452433,1.7662,1457226,1.7997,527.745022,256168,#N/A,809700,#N/A,529.221615,8072,0.0315,30111,0.0372
sp|P04156|PRIO_HUMAN,PRNP,Homo sapiens,ESQAYYQR,ESQAYYQR,QC180731_PrP_Exp15_F_01.raw,7/31/2018 11:09:33 PM,QC180731_PrP_Exp15_F_01,,19.71,y4,522.740888,341389,1.6798,1123325,1.766,527.745022,203228,#N/A,636085,#N/A,529.221615,6392,0.0315,25182,0.0396
sp|P04156|PRIO_HUMAN,PRNP,Homo sapiens,ESQAYYQR,ESQAYYQR,QC180731_PrP_Exp15_G_01.raw,8/1/2018 2:26:32 AM,QC180731_PrP_Exp15_G_01,,20.57,y4,522.740888,480787,1.6923,1560884,1.722,527.745022,284103,#N/A,906425,#N/A,529.221615,91174,0.3209,279043,0.3079
sp|P04156|PRIO_HUMAN,PRNP,Homo sapiens,ESQAYYQR,ESQAYYQR,QC180731_PrP_Exp15_H_01.raw,8/1/2018 4:04:47 AM,QC180731_PrP_Exp15_H_01,,19.53,y4,522.740888,406326,1.8353,1336960,1.8937,527.745022,221400,#N/A,706014,#N/A,529.221615,78275,0.3535,253095,0.3585
sp|P04156|PRIO_HUMAN,PRNP,Homo sapiens,ESQAYYQR,ESQAYYQR,QC180731_PrP_Exp15_I_01.raw,8/1/2018 5:43:48 AM,QC180731_PrP_Exp15_I_01,,19.63,y4,522.740888,468263,1.7832,1482362,1.7864,527.745022,262596,#N/A,829814,#N/A,529.221615,81329,0.3097,282378,0.3403
sp|P04156|PRIO_HUMAN,PRNP,Homo sapiens,ESQAYYQR,ESQAYYQR,QC180731_PrP_Exp15_J_01.raw,8/1/2018 7:21:57 AM,QC180731_PrP_Exp15_J_01,,20.43,y4,522.740888,517126,1.9064,1646374,1.8433,527.745022,271257,#N/A,893155,#N/A,529.221615,883464,3.2569,2860850,3.2031
sp|P04156|PRIO_HUMAN,PRNP,Homo sapiens,ESQAYYQR,ESQAYYQR,QC180731_PrP_Exp15_K_01.raw,8/1/2018 9:00:38 AM,QC180731_PrP_Exp15_K_01,,21.4,y4,522.740888,529859,1.7642,1690157,1.8658,527.745022,300345,#N/A,905865,#N/A,529.221615,880112,2.9303,2779827,3.0687
sp|P04156|PRIO_HUMAN,PRNP,Homo sapiens,ESQAYYQR,ESQAYYQR,QC180731_PrP_Exp15_L_01.raw,8/1/2018 10:41:11 AM,QC180731_PrP_Exp15_L_01,,21.8,y4,522.740888,303400,1.7857,989827,1.7977,527.745022,169904,#N/A,550617,#N/A,529.221615,572396,3.3689,1813107,3.2929
sp|P04156|PRIO_HUMAN,PRNP,Homo sapiens,ESQAYYQR,ESQAYYQR,QC180731_PrP_Exp15_A_01.raw,7/31/2018 2:57:51 PM,QC180731_PrP_Exp15_A_01,,20.36,y3,522.740888,836316,1.829,1798368,1.7911,527.745022,457246,#N/A,1004067,#N/A,529.221615,4527,0.0099,5508,0.0055
sp|P04156|PRIO_HUMAN,PRNP,Homo sapiens,ESQAYYQR,ESQAYYQR,QC180731_PrP_Exp15_B_01.raw,7/31/2018 4:36:07 PM,QC180731_PrP_Exp15_B_01,,19.59,y3,522.740888,636506,1.7549,1356303,1.7719,527.745022,362708,#N/A,765440,#N/A,529.221615,1193,0.0033,1498,0.002
sp|P04156|PRIO_HUMAN,PRNP,Homo sapiens,ESQAYYQR,ESQAYYQR,QC180731_PrP_Exp15_C_01.raw,7/31/2018 6:14:14 PM,QC180731_PrP_Exp15_C_01,,19.76,y3,522.740888,904104,1.8409,1932636,1.8195,527.745022,491133,#N/A,1062167,#N/A,529.221615,5336,0.0109,7667,0.0072
sp|P04156|PRIO_HUMAN,PRNP,Homo sapiens,ESQAYYQR,ESQAYYQR,QC180731_PrP_Exp15_D_01.raw,7/31/2018 7:52:15 PM,QC180731_PrP_Exp15_D_01,,19.86,y3,522.740888,588927,1.8053,1266968,1.8271,527.745022,326214,#N/A,693439,#N/A,529.221615,15858,0.0486,29837,0.043
sp|P04156|PRIO_HUMAN,PRNP,Homo sapiens,ESQAYYQR,ESQAYYQR,QC180731_PrP_Exp15_E_01.raw,7/31/2018 9:30:41 PM,QC180731_PrP_Exp15_E_01,,19.46,y3,522.740888,669463,1.7896,1457226,1.7997,527.745022,374080,#N/A,809700,#N/A,529.221615,16027,0.0428,30111,0.0372
sp|P04156|PRIO_HUMAN,PRNP,Homo sapiens,ESQAYYQR,ESQAYYQR,QC180731_PrP_Exp15_F_01.raw,7/31/2018 11:09:33 PM,QC180731_PrP_Exp15_F_01,,19.71,y3,522.740888,528149,1.84,1123325,1.766,527.745022,287040,#N/A,636085,#N/A,529.221615,14629,0.051,25182,0.0396
sp|P04156|PRIO_HUMAN,PRNP,Homo sapiens,ESQAYYQR,ESQAYYQR,QC180731_PrP_Exp15_G_01.raw,8/1/2018 2:26:32 AM,QC180731_PrP_Exp15_G_01,,20.57,y3,522.740888,732269,1.7744,1560884,1.722,527.745022,412697,#N/A,906425,#N/A,529.221615,127833,0.3098,279043,0.3079
sp|P04156|PRIO_HUMAN,PRNP,Homo sapiens,ESQAYYQR,ESQAYYQR,QC180731_PrP_Exp15_H_01.raw,8/1/2018 4:04:47 AM,QC180731_PrP_Exp15_H_01,,19.53,y3,522.740888,640925,1.9188,1336960,1.8937,527.745022,334024,#N/A,706014,#N/A,529.221615,118726,0.3554,253095,0.3585
sp|P04156|PRIO_HUMAN,PRNP,Homo sapiens,ESQAYYQR,ESQAYYQR,QC180731_PrP_Exp15_I_01.raw,8/1/2018 5:43:48 AM,QC180731_PrP_Exp15_I_01,,19.63,y3,522.740888,684388,1.8186,1482362,1.7864,527.745022,376325,#N/A,829814,#N/A,529.221615,142398,0.3784,282378,0.3403
sp|P04156|PRIO_HUMAN,PRNP,Homo sapiens,ESQAYYQR,ESQAYYQR,QC180731_PrP_Exp15_J_01.raw,8/1/2018 7:21:57 AM,QC180731_PrP_Exp15_J_01,,20.43,y3,522.740888,778890,1.8262,1646374,1.8433,527.745022,426518,#N/A,893155,#N/A,529.221615,1347903,3.1602,2860850,3.2031
sp|P04156|PRIO_HUMAN,PRNP,Homo sapiens,ESQAYYQR,ESQAYYQR,QC180731_PrP_Exp15_K_01.raw,8/1/2018 9:00:38 AM,QC180731_PrP_Exp15_K_01,,21.4,y3,522.740888,793903,1.9474,1690157,1.8658,527.745022,407676,#N/A,905865,#N/A,529.221615,1299741,3.1882,2779827,3.0687
sp|P04156|PRIO_HUMAN,PRNP,Homo sapiens,ESQAYYQR,ESQAYYQR,QC180731_PrP_Exp15_L_01.raw,8/1/2018 10:41:11 AM,QC180731_PrP_Exp15_L_01,,21.8,y3,522.740888,470904,1.8616,989827,1.7977,527.745022,252954,#N/A,550617,#N/A,529.221615,848710,3.3552,1813107,3.2929
sp|P04925|PRIO_MOUSE,Prnp,Mus musculus,VVEQMCVTQYQK,VVEQMC[+57]VTQYQK,QC180731_PrP_Exp15_A_01.raw,7/31/2018 2:57:51 PM,QC180731_PrP_Exp15_A_01,,34.81,y8,756.862894,609,0.0017,4243,0.0026,760.869993,364197,#N/A,1640548,#N/A,#N/A,#N/A,#N/A,#N/A,#N/A
sp|P04925|PRIO_MOUSE,Prnp,Mus musculus,VVEQMCVTQYQK,VVEQMC[+57]VTQYQK,QC180731_PrP_Exp15_B_01.raw,7/31/2018 4:36:07 PM,QC180731_PrP_Exp15_B_01,,34.3,y8,756.862894,1211,0.0026,4239,0.002,760.869993,471630,#N/A,2112228,#N/A,#N/A,#N/A,#N/A,#N/A,#N/A
sp|P04925|PRIO_MOUSE,Prnp,Mus musculus,VVEQMCVTQYQK,VVEQMC[+57]VTQYQK,QC180731_PrP_Exp15_C_01.raw,7/31/2018 6:14:14 PM,QC180731_PrP_Exp15_C_01,,34.31,y8,756.862894,594,0.0013,8267,0.0038,760.869993,474581,#N/A,2153586,#N/A,#N/A,#N/A,#N/A,#N/A,#N/A
sp|P04925|PRIO_MOUSE,Prnp,Mus musculus,VVEQMCVTQYQK,VVEQMC[+57]VTQYQK,QC180731_PrP_Exp15_D_01.raw,7/31/2018 7:52:15 PM,QC180731_PrP_Exp15_D_01,,34.05,y8,756.862894,573,0.0013,6636,0.0032,760.869993,448173,#N/A,2103532,#N/A,#N/A,#N/A,#N/A,#N/A,#N/A
sp|P04925|PRIO_MOUSE,Prnp,Mus musculus,VVEQMCVTQYQK,VVEQMC[+57]VTQYQK,QC180731_PrP_Exp15_E_01.raw,7/31/2018 9:30:41 PM,QC180731_PrP_Exp15_E_01,,34.05,y8,756.862894,1216,0.0021,9313,0.0035,760.869993,588721,#N/A,2632531,#N/A,#N/A,#N/A,#N/A,#N/A,#N/A
sp|P04925|PRIO_MOUSE,Prnp,Mus musculus,VVEQMCVTQYQK,VVEQMC[+57]VTQYQK,QC180731_PrP_Exp15_F_01.raw,7/31/2018 11:09:33 PM,QC180731_PrP_Exp15_F_01,,34.1,y8,756.862894,815,0.002,6566,0.0035,760.869993,408039,#N/A,1872308,#N/A,#N/A,#N/A,#N/A,#N/A,#N/A
sp|P04925|PRIO_MOUSE,Prnp,Mus musculus,VVEQMCVTQYQK,VVEQMC[+57]VTQYQK,QC180731_PrP_Exp15_G_01.raw,8/1/2018 2:26:32 AM,QC180731_PrP_Exp15_G_01,,34.28,y8,756.862894,277,0.0006,5771,0.0028,760.869993,463862,#N/A,2038445,#N/A,#N/A,#N/A,#N/A,#N/A,#N/A
sp|P04925|PRIO_MOUSE,Prnp,Mus musculus,VVEQMCVTQYQK,VVEQMC[+57]VTQYQK,QC180731_PrP_Exp15_H_01.raw,8/1/2018 4:04:47 AM,QC180731_PrP_Exp15_H_01,,34.01,y8,756.862894,852,0.0014,10274,0.0038,760.869993,590801,#N/A,2731476,#N/A,#N/A,#N/A,#N/A,#N/A,#N/A
sp|P04925|PRIO_MOUSE,Prnp,Mus musculus,VVEQMCVTQYQK,VVEQMC[+57]VTQYQK,QC180731_PrP_Exp15_I_01.raw,8/1/2018 5:43:48 AM,QC180731_PrP_Exp15_I_01,,34,y8,756.862894,30,0.0001,6879,0.0028,760.869993,515504,#N/A,2471198,#N/A,#N/A,#N/A,#N/A,#N/A,#N/A
sp|P04925|PRIO_MOUSE,Prnp,Mus musculus,VVEQMCVTQYQK,VVEQMC[+57]VTQYQK,QC180731_PrP_Exp15_J_01.raw,8/1/2018 7:21:57 AM,QC180731_PrP_Exp15_J_01,,34.1,y8,756.862894,339,0.0008,6731,0.0033,760.869993,438279,#N/A,2021899,#N/A,#N/A,#N/A,#N/A,#N/A,#N/A
sp|P04925|PRIO_MOUSE,Prnp,Mus musculus,VVEQMCVTQYQK,VVEQMC[+57]VTQYQK,QC180731_PrP_Exp15_K_01.raw,8/1/2018 9:00:38 AM,QC180731_PrP_Exp15_K_01,,34.49,y8,756.862894,819,0.0022,4216,0.0024,760.869993,375271,#N/A,1738373,#N/A,#N/A,#N/A,#N/A,#N/A,#N/A
sp|P04925|PRIO_MOUSE,Prnp,Mus musculus,VVEQMCVTQYQK,VVEQMC[+57]VTQYQK,QC180731_PrP_Exp15_L_01.raw,8/1/2018 10:41:11 AM,QC180731_PrP_Exp15_L_01,,35.59,y8,756.862894,771,0.0015,5409,0.0023,760.869993,516389,#N/A,2381624,#N/A,#N/A,#N/A,#N/A,#N/A,#N/A
sp|P04925|PRIO_MOUSE,Prnp,Mus musculus,VVEQMCVTQYQK,VVEQMC[+57]VTQYQK,QC180731_PrP_Exp15_A_01.raw,7/31/2018 2:57:51 PM,QC180731_PrP_Exp15_A_01,,34.81,y7,756.862894,1759,0.0031,4243,0.0026,760.869993,575045,#N/A,1640548,#N/A,#N/A,#N/A,#N/A,#N/A,#N/A
sp|P04925|PRIO_MOUSE,Prnp,Mus musculus,VVEQMCVTQYQK,VVEQMC[+57]VTQYQK,QC180731_PrP_Exp15_B_01.raw,7/31/2018 4:36:07 PM,QC180731_PrP_Exp15_B_01,,34.3,y7,756.862894,686,0.0009,4239,0.002,760.869993,734032,#N/A,2112228,#N/A,#N/A,#N/A,#N/A,#N/A,#N/A
sp|P04925|PRIO_MOUSE,Prnp,Mus musculus,VVEQMCVTQYQK,VVEQMC[+57]VTQYQK,QC180731_PrP_Exp15_C_01.raw,7/31/2018 6:14:14 PM,QC180731_PrP_Exp15_C_01,,34.31,y7,756.862894,3244,0.0043,8267,0.0038,760.869993,746839,#N/A,2153586,#N/A,#N/A,#N/A,#N/A,#N/A,#N/A
sp|P04925|PRIO_MOUSE,Prnp,Mus musculus,VVEQMCVTQYQK,VVEQMC[+57]VTQYQK,QC180731_PrP_Exp15_D_01.raw,7/31/2018 7:52:15 PM,QC180731_PrP_Exp15_D_01,,34.05,y7,756.862894,1854,0.0026,6636,0.0032,760.869993,723644,#N/A,2103532,#N/A,#N/A,#N/A,#N/A,#N/A,#N/A
sp|P04925|PRIO_MOUSE,Prnp,Mus musculus,VVEQMCVTQYQK,VVEQMC[+57]VTQYQK,QC180731_PrP_Exp15_E_01.raw,7/31/2018 9:30:41 PM,QC180731_PrP_Exp15_E_01,,34.05,y7,756.862894,1897,0.0021,9313,0.0035,760.869993,913661,#N/A,2632531,#N/A,#N/A,#N/A,#N/A,#N/A,#N/A
sp|P04925|PRIO_MOUSE,Prnp,Mus musculus,VVEQMCVTQYQK,VVEQMC[+57]VTQYQK,QC180731_PrP_Exp15_F_01.raw,7/31/2018 11:09:33 PM,QC180731_PrP_Exp15_F_01,,34.1,y7,756.862894,2585,0.004,6566,0.0035,760.869993,640867,#N/A,1872308,#N/A,#N/A,#N/A,#N/A,#N/A,#N/A
sp|P04925|PRIO_MOUSE,Prnp,Mus musculus,VVEQMCVTQYQK,VVEQMC[+57]VTQYQK,QC180731_PrP_Exp15_G_01.raw,8/1/2018 2:26:32 AM,QC180731_PrP_Exp15_G_01,,34.28,y7,756.862894,2026,0.0028,5771,0.0028,760.869993,717064,#N/A,2038445,#N/A,#N/A,#N/A,#N/A,#N/A,#N/A
sp|P04925|PRIO_MOUSE,Prnp,Mus musculus,VVEQMCVTQYQK,VVEQMC[+57]VTQYQK,QC180731_PrP_Exp15_H_01.raw,8/1/2018 4:04:47 AM,QC180731_PrP_Exp15_H_01,,34.01,y7,756.862894,1772,0.0018,10274,0.0038,760.869993,972634,#N/A,2731476,#N/A,#N/A,#N/A,#N/A,#N/A,#N/A
sp|P04925|PRIO_MOUSE,Prnp,Mus musculus,VVEQMCVTQYQK,VVEQMC[+57]VTQYQK,QC180731_PrP_Exp15_I_01.raw,8/1/2018 5:43:48 AM,QC180731_PrP_Exp15_I_01,,34,y7,756.862894,2062,0.0024,6879,0.0028,760.869993,865133,#N/A,2471198,#N/A,#N/A,#N/A,#N/A,#N/A,#N/A
sp|P04925|PRIO_MOUSE,Prnp,Mus musculus,VVEQMCVTQYQK,VVEQMC[+57]VTQYQK,QC180731_PrP_Exp15_J_01.raw,8/1/2018 7:21:57 AM,QC180731_PrP_Exp15_J_01,,34.1,y7,756.862894,1758,0.0025,6731,0.0033,760.869993,715899,#N/A,2021899,#N/A,#N/A,#N/A,#N/A,#N/A,#N/A
sp|P04925|PRIO_MOUSE,Prnp,Mus musculus,VVEQMCVTQYQK,VVEQMC[+57]VTQYQK,QC180731_PrP_Exp15_K_01.raw,8/1/2018 9:00:38 AM,QC180731_PrP_Exp15_K_01,,34.49,y7,756.862894,1645,0.0027,4216,0.0024,760.869993,606356,#N/A,1738373,#N/A,#N/A,#N/A,#N/A,#N/A,#N/A
sp|P04925|PRIO_MOUSE,Prnp,Mus musculus,VVEQMCVTQYQK,VVEQMC[+57]VTQYQK,QC180731_PrP_Exp15_L_01.raw,8/1/2018 10:41:11 AM,QC180731_PrP_Exp15_L_01,,35.59,y7,756.862894,2382,0.0029,5409,0.0023,760.869993,833556,#N/A,2381624,#N/A,#N/A,#N/A,#N/A,#N/A,#N/A
sp|P04925|PRIO_MOUSE,Prnp,Mus musculus,VVEQMCVTQYQK,VVEQMC[+57]VTQYQK,QC180731_PrP_Exp15_A_01.raw,7/31/2018 2:57:51 PM,QC180731_PrP_Exp15_A_01,,34.81,y5,756.862894,1876,0.0027,4243,0.0026,760.869993,701305,#N/A,1640548,#N/A,#N/A,#N/A,#N/A,#N/A,#N/A
sp|P04925|PRIO_MOUSE,Prnp,Mus musculus,VVEQMCVTQYQK,VVEQMC[+57]VTQYQK,QC180731_PrP_Exp15_B_01.raw,7/31/2018 4:36:07 PM,QC180731_PrP_Exp15_B_01,,34.3,y5,756.862894,2342,0.0026,4239,0.002,760.869993,906566,#N/A,2112228,#N/A,#N/A,#N/A,#N/A,#N/A,#N/A
sp|P04925|PRIO_MOUSE,Prnp,Mus musculus,VVEQMCVTQYQK,VVEQMC[+57]VTQYQK,QC180731_PrP_Exp15_C_01.raw,7/31/2018 6:14:14 PM,QC180731_PrP_Exp15_C_01,,34.31,y5,756.862894,4429,0.0048,8267,0.0038,760.869993,932166,#N/A,2153586,#N/A,#N/A,#N/A,#N/A,#N/A,#N/A
sp|P04925|PRIO_MOUSE,Prnp,Mus musculus,VVEQMCVTQYQK,VVEQMC[+57]VTQYQK,QC180731_PrP_Exp15_D_01.raw,7/31/2018 7:52:15 PM,QC180731_PrP_Exp15_D_01,,34.05,y5,756.862894,4209,0.0045,6636,0.0032,760.869993,931716,#N/A,2103532,#N/A,#N/A,#N/A,#N/A,#N/A,#N/A
sp|P04925|PRIO_MOUSE,Prnp,Mus musculus,VVEQMCVTQYQK,VVEQMC[+57]VTQYQK,QC180731_PrP_Exp15_E_01.raw,7/31/2018 9:30:41 PM,QC180731_PrP_Exp15_E_01,,34.05,y5,756.862894,6199,0.0055,9313,0.0035,760.869993,1130149,#N/A,2632531,#N/A,#N/A,#N/A,#N/A,#N/A,#N/A
sp|P04925|PRIO_MOUSE,Prnp,Mus musculus,VVEQMCVTQYQK,VVEQMC[+57]VTQYQK,QC180731_PrP_Exp15_F_01.raw,7/31/2018 11:09:33 PM,QC180731_PrP_Exp15_F_01,,34.1,y5,756.862894,3166,0.0038,6566,0.0035,760.869993,823402,#N/A,1872308,#N/A,#N/A,#N/A,#N/A,#N/A,#N/A
sp|P04925|PRIO_MOUSE,Prnp,Mus musculus,VVEQMCVTQYQK,VVEQMC[+57]VTQYQK,QC180731_PrP_Exp15_G_01.raw,8/1/2018 2:26:32 AM,QC180731_PrP_Exp15_G_01,,34.28,y5,756.862894,3469,0.004,5771,0.0028,760.869993,857519,#N/A,2038445,#N/A,#N/A,#N/A,#N/A,#N/A,#N/A
sp|P04925|PRIO_MOUSE,Prnp,Mus musculus,VVEQMCVTQYQK,VVEQMC[+57]VTQYQK,QC180731_PrP_Exp15_H_01.raw,8/1/2018 4:04:47 AM,QC180731_PrP_Exp15_H_01,,34.01,y5,756.862894,7650,0.0065,10274,0.0038,760.869993,1168041,#N/A,2731476,#N/A,#N/A,#N/A,#N/A,#N/A,#N/A
sp|P04925|PRIO_MOUSE,Prnp,Mus musculus,VVEQMCVTQYQK,VVEQMC[+57]VTQYQK,QC180731_PrP_Exp15_I_01.raw,8/1/2018 5:43:48 AM,QC180731_PrP_Exp15_I_01,,34,y5,756.862894,4787,0.0044,6879,0.0028,760.869993,1090561,#N/A,2471198,#N/A,#N/A,#N/A,#N/A,#N/A,#N/A
sp|P04925|PRIO_MOUSE,Prnp,Mus musculus,VVEQMCVTQYQK,VVEQMC[+57]VTQYQK,QC180731_PrP_Exp15_J_01.raw,8/1/2018 7:21:57 AM,QC180731_PrP_Exp15_J_01,,34.1,y5,756.862894,4633,0.0053,6731,0.0033,760.869993,867720,#N/A,2021899,#N/A,#N/A,#N/A,#N/A,#N/A,#N/A
sp|P04925|PRIO_MOUSE,Prnp,Mus musculus,VVEQMCVTQYQK,VVEQMC[+57]VTQYQK,QC180731_PrP_Exp15_K_01.raw,8/1/2018 9:00:38 AM,QC180731_PrP_Exp15_K_01,,34.49,y5,756.862894,1752,0.0023,4216,0.0024,760.869993,756746,#N/A,1738373,#N/A,#N/A,#N/A,#N/A,#N/A,#N/A
sp|P04925|PRIO_MOUSE,Prnp,Mus musculus,VVEQMCVTQYQK,VVEQMC[+57]VTQYQK,QC180731_PrP_Exp15_L_01.raw,8/1/2018 10:41:11 AM,QC180731_PrP_Exp15_L_01,,35.59,y5,756.862894,2256,0.0022,5409,0.0023,760.869993,1031679,#N/A,2381624,#N/A,#N/A,#N/A,#N/A,#N/A,#N/A
sp|P04925|PRIO_MOUSE,Prnp,Mus musculus,ESQAYYDGR,ESQAYYDGR,QC180731_PrP_Exp15_A_01.raw,7/31/2018 2:57:51 PM,QC180731_PrP_Exp15_A_01,,22.72,y6,544.735802,2386,0.0051,14372,0.0063,549.739937,470774,#N/A,2276099,#N/A,#N/A,#N/A,#N/A,#N/A,#N/A
sp|P04925|PRIO_MOUSE,Prnp,Mus musculus,ESQAYYDGR,ESQAYYDGR,QC180731_PrP_Exp15_B_01.raw,7/31/2018 4:36:07 PM,QC180731_PrP_Exp15_B_01,,22.18,y6,544.735802,4142,0.0081,18217,0.0076,549.739937,510959,#N/A,2402769,#N/A,#N/A,#N/A,#N/A,#N/A,#N/A
sp|P04925|PRIO_MOUSE,Prnp,Mus musculus,ESQAYYDGR,ESQAYYDGR,QC180731_PrP_Exp15_C_01.raw,7/31/2018 6:14:14 PM,QC180731_PrP_Exp15_C_01,,22.77,y6,544.735802,1515,0.003,13368,0.0057,549.739937,510653,#N/A,2336468,#N/A,#N/A,#N/A,#N/A,#N/A,#N/A
sp|P04925|PRIO_MOUSE,Prnp,Mus musculus,ESQAYYDGR,ESQAYYDGR,QC180731_PrP_Exp15_D_01.raw,7/31/2018 7:52:15 PM,QC180731_PrP_Exp15_D_01,,22.11,y6,544.735802,1751,0.0032,9195,0.0036,549.739937,542915,#N/A,2555825,#N/A,#N/A,#N/A,#N/A,#N/A,#N/A
sp|P04925|PRIO_MOUSE,Prnp,Mus musculus,ESQAYYDGR,ESQAYYDGR,QC180731_PrP_Exp15_E_01.raw,7/31/2018 9:30:41 PM,QC180731_PrP_Exp15_E_01,,22.2,y6,544.735802,2207,0.0051,10049,0.0048,549.739937,434134,#N/A,2096972,#N/A,#N/A,#N/A,#N/A,#N/A,#N/A
sp|P04925|PRIO_MOUSE,Prnp,Mus musculus,ESQAYYDGR,ESQAYYDGR,QC180731_PrP_Exp15_F_01.raw,7/31/2018 11:09:33 PM,QC180731_PrP_Exp15_F_01,,22.25,y6,544.735802,2121,0.0066,11764,0.0075,549.739937,319617,#N/A,1564740,#N/A,#N/A,#N/A,#N/A,#N/A,#N/A
sp|P04925|PRIO_MOUSE,Prnp,Mus musculus,ESQAYYDGR,ESQAYYDGR,QC180731_PrP_Exp15_G_01.raw,8/1/2018 2:26:32 AM,QC180731_PrP_Exp15_G_01,,22.28,y6,544.735802,1595,0.0033,6931,0.0031,549.739937,480795,#N/A,2235958,#N/A,#N/A,#N/A,#N/A,#N/A,#N/A
sp|P04925|PRIO_MOUSE,Prnp,Mus musculus,ESQAYYDGR,ESQAYYDGR,QC180731_PrP_Exp15_H_01.raw,8/1/2018 4:04:47 AM,QC180731_PrP_Exp15_H_01,,22.23,y6,544.735802,2004,0.0044,11077,0.0052,549.739937,450344,#N/A,2148348,#N/A,#N/A,#N/A,#N/A,#N/A,#N/A
sp|P04925|PRIO_MOUSE,Prnp,Mus musculus,ESQAYYDGR,ESQAYYDGR,QC180731_PrP_Exp15_I_01.raw,8/1/2018 5:43:48 AM,QC180731_PrP_Exp15_I_01,,21.98,y6,544.735802,2150,0.0045,12269,0.0055,549.739937,475379,#N/A,2242377,#N/A,#N/A,#N/A,#N/A,#N/A,#N/A
sp|P04925|PRIO_MOUSE,Prnp,Mus musculus,ESQAYYDGR,ESQAYYDGR,QC180731_PrP_Exp15_J_01.raw,8/1/2018 7:21:57 AM,QC180731_PrP_Exp15_J_01,,22.7,y6,544.735802,1520,0.0032,12656,0.0055,549.739937,478218,#N/A,2304334,#N/A,#N/A,#N/A,#N/A,#N/A,#N/A
sp|P04925|PRIO_MOUSE,Prnp,Mus musculus,ESQAYYDGR,ESQAYYDGR,QC180731_PrP_Exp15_K_01.raw,8/1/2018 9:00:38 AM,QC180731_PrP_Exp15_K_01,,23.07,y6,544.735802,678,0.0018,3535,0.0019,549.739937,376480,#N/A,1825310,#N/A,#N/A,#N/A,#N/A,#N/A,#N/A
sp|P04925|PRIO_MOUSE,Prnp,Mus musculus,ESQAYYDGR,ESQAYYDGR,QC180731_PrP_Exp15_L_01.raw,8/1/2018 10:41:11 AM,QC180731_PrP_Exp15_L_01,,23.95,y6,544.735802,2198,0.007,9858,0.0063,549.739937,311973,#N/A,1574727,#N/A,#N/A,#N/A,#N/A,#N/A,#N/A
sp|P04925|PRIO_MOUSE,Prnp,Mus musculus,ESQAYYDGR,ESQAYYDGR,QC180731_PrP_Exp15_A_01.raw,7/31/2018 2:57:51 PM,QC180731_PrP_Exp15_A_01,,22.72,y5,544.735802,2366,0.0034,14372,0.0063,549.739937,685972,#N/A,2276099,#N/A,#N/A,#N/A,#N/A,#N/A,#N/A
sp|P04925|PRIO_MOUSE,Prnp,Mus musculus,ESQAYYDGR,ESQAYYDGR,QC180731_PrP_Exp15_B_01.raw,7/31/2018 4:36:07 PM,QC180731_PrP_Exp15_B_01,,22.18,y5,544.735802,3004,0.0041,18217,0.0076,549.739937,738451,#N/A,2402769,#N/A,#N/A,#N/A,#N/A,#N/A,#N/A
sp|P04925|PRIO_MOUSE,Prnp,Mus musculus,ESQAYYDGR,ESQAYYDGR,QC180731_PrP_Exp15_C_01.raw,7/31/2018 6:14:14 PM,QC180731_PrP_Exp15_C_01,,22.77,y5,544.735802,858,0.0012,13368,0.0057,549.739937,719708,#N/A,2336468,#N/A,#N/A,#N/A,#N/A,#N/A,#N/A
sp|P04925|PRIO_MOUSE,Prnp,Mus musculus,ESQAYYDGR,ESQAYYDGR,QC180731_PrP_Exp15_D_01.raw,7/31/2018 7:52:15 PM,QC180731_PrP_Exp15_D_01,,22.11,y5,544.735802,1313,0.0017,9195,0.0036,549.739937,784992,#N/A,2555825,#N/A,#N/A,#N/A,#N/A,#N/A,#N/A
sp|P04925|PRIO_MOUSE,Prnp,Mus musculus,ESQAYYDGR,ESQAYYDGR,QC180731_PrP_Exp15_E_01.raw,7/31/2018 9:30:41 PM,QC180731_PrP_Exp15_E_01,,22.2,y5,544.735802,2480,0.0038,10049,0.0048,549.739937,652060,#N/A,2096972,#N/A,#N/A,#N/A,#N/A,#N/A,#N/A
sp|P04925|PRIO_MOUSE,Prnp,Mus musculus,ESQAYYDGR,ESQAYYDGR,QC180731_PrP_Exp15_F_01.raw,7/31/2018 11:09:33 PM,QC180731_PrP_Exp15_F_01,,22.25,y5,544.735802,6482,0.0134,11764,0.0075,549.739937,484764,#N/A,1564740,#N/A,#N/A,#N/A,#N/A,#N/A,#N/A
sp|P04925|PRIO_MOUSE,Prnp,Mus musculus,ESQAYYDGR,ESQAYYDGR,QC180731_PrP_Exp15_G_01.raw,8/1/2018 2:26:32 AM,QC180731_PrP_Exp15_G_01,,22.28,y5,544.735802,1764,0.0026,6931,0.0031,549.739937,673964,#N/A,2235958,#N/A,#N/A,#N/A,#N/A,#N/A,#N/A
sp|P04925|PRIO_MOUSE,Prnp,Mus musculus,ESQAYYDGR,ESQAYYDGR,QC180731_PrP_Exp15_H_01.raw,8/1/2018 4:04:47 AM,QC180731_PrP_Exp15_H_01,,22.23,y5,544.735802,1987,0.003,11077,0.0052,549.739937,668776,#N/A,2148348,#N/A,#N/A,#N/A,#N/A,#N/A,#N/A
sp|P04925|PRIO_MOUSE,Prnp,Mus musculus,ESQAYYDGR,ESQAYYDGR,QC180731_PrP_Exp15_I_01.raw,8/1/2018 5:43:48 AM,QC180731_PrP_Exp15_I_01,,21.98,y5,544.735802,1630,0.0023,12269,0.0055,549.739937,697096,#N/A,2242377,#N/A,#N/A,#N/A,#N/A,#N/A,#N/A
sp|P04925|PRIO_MOUSE,Prnp,Mus musculus,ESQAYYDGR,ESQAYYDGR,QC180731_PrP_Exp15_J_01.raw,8/1/2018 7:21:57 AM,QC180731_PrP_Exp15_J_01,,22.7,y5,544.735802,3195,0.0043,12656,0.0055,549.739937,735501,#N/A,2304334,#N/A,#N/A,#N/A,#N/A,#N/A,#N/A
sp|P04925|PRIO_MOUSE,Prnp,Mus musculus,ESQAYYDGR,ESQAYYDGR,QC180731_PrP_Exp15_K_01.raw,8/1/2018 9:00:38 AM,QC180731_PrP_Exp15_K_01,,23.07,y5,544.735802,2331,0.004,3535,0.0019,549.739937,575739,#N/A,1825310,#N/A,#N/A,#N/A,#N/A,#N/A,#N/A
sp|P04925|PRIO_MOUSE,Prnp,Mus musculus,ESQAYYDGR,ESQAYYDGR,QC180731_PrP_Exp15_L_01.raw,8/1/2018 10:41:11 AM,QC180731_PrP_Exp15_L_01,,23.95,y5,544.735802,4342,0.0089,9858,0.0063,549.739937,488675,#N/A,1574727,#N/A,#N/A,#N/A,#N/A,#N/A,#N/A
sp|P04925|PRIO_MOUSE,Prnp,Mus musculus,ESQAYYDGR,ESQAYYDGR,QC180731_PrP_Exp15_A_01.raw,7/31/2018 2:57:51 PM,QC180731_PrP_Exp15_A_01,,22.72,y4,544.735802,9620,0.0086,14372,0.0063,549.739937,1119353,#N/A,2276099,#N/A,#N/A,#N/A,#N/A,#N/A,#N/A
sp|P04925|PRIO_MOUSE,Prnp,Mus musculus,ESQAYYDGR,ESQAYYDGR,QC180731_PrP_Exp15_B_01.raw,7/31/2018 4:36:07 PM,QC180731_PrP_Exp15_B_01,,22.18,y4,544.735802,11070,0.0096,18217,0.0076,549.739937,1153358,#N/A,2402769,#N/A,#N/A,#N/A,#N/A,#N/A,#N/A
sp|P04925|PRIO_MOUSE,Prnp,Mus musculus,ESQAYYDGR,ESQAYYDGR,QC180731_PrP_Exp15_C_01.raw,7/31/2018 6:14:14 PM,QC180731_PrP_Exp15_C_01,,22.77,y4,544.735802,10995,0.0099,13368,0.0057,549.739937,1106107,#N/A,2336468,#N/A,#N/A,#N/A,#N/A,#N/A,#N/A
sp|P04925|PRIO_MOUSE,Prnp,Mus musculus,ESQAYYDGR,ESQAYYDGR,QC180731_PrP_Exp15_D_01.raw,7/31/2018 7:52:15 PM,QC180731_PrP_Exp15_D_01,,22.11,y4,544.735802,6131,0.005,9195,0.0036,549.739937,1227918,#N/A,2555825,#N/A,#N/A,#N/A,#N/A,#N/A,#N/A
sp|P04925|PRIO_MOUSE,Prnp,Mus musculus,ESQAYYDGR,ESQAYYDGR,QC180731_PrP_Exp15_E_01.raw,7/31/2018 9:30:41 PM,QC180731_PrP_Exp15_E_01,,22.2,y4,544.735802,5362,0.0053,10049,0.0048,549.739937,1010777,#N/A,2096972,#N/A,#N/A,#N/A,#N/A,#N/A,#N/A
sp|P04925|PRIO_MOUSE,Prnp,Mus musculus,ESQAYYDGR,ESQAYYDGR,QC180731_PrP_Exp15_F_01.raw,7/31/2018 11:09:33 PM,QC180731_PrP_Exp15_F_01,,22.25,y4,544.735802,3161,0.0042,11764,0.0075,549.739937,760359,#N/A,1564740,#N/A,#N/A,#N/A,#N/A,#N/A,#N/A
sp|P04925|PRIO_MOUSE,Prnp,Mus musculus,ESQAYYDGR,ESQAYYDGR,QC180731_PrP_Exp15_G_01.raw,8/1/2018 2:26:32 AM,QC180731_PrP_Exp15_G_01,,22.28,y4,544.735802,3572,0.0033,6931,0.0031,549.739937,1081198,#N/A,2235958,#N/A,#N/A,#N/A,#N/A,#N/A,#N/A
sp|P04925|PRIO_MOUSE,Prnp,Mus musculus,ESQAYYDGR,ESQAYYDGR,QC180731_PrP_Exp15_H_01.raw,8/1/2018 4:04:47 AM,QC180731_PrP_Exp15_H_01,,22.23,y4,544.735802,7085,0.0069,11077,0.0052,549.739937,1029228,#N/A,2148348,#N/A,#N/A,#N/A,#N/A,#N/A,#N/A
sp|P04925|PRIO_MOUSE,Prnp,Mus musculus,ESQAYYDGR,ESQAYYDGR,QC180731_PrP_Exp15_I_01.raw,8/1/2018 5:43:48 AM,QC180731_PrP_Exp15_I_01,,21.98,y4,544.735802,8490,0.0079,12269,0.0055,549.739937,1069902,#N/A,2242377,#N/A,#N/A,#N/A,#N/A,#N/A,#N/A
sp|P04925|PRIO_MOUSE,Prnp,Mus musculus,ESQAYYDGR,ESQAYYDGR,QC180731_PrP_Exp15_J_01.raw,8/1/2018 7:21:57 AM,QC180731_PrP_Exp15_J_01,,22.7,y4,544.735802,7941,0.0073,12656,0.0055,549.739937,1090614,#N/A,2304334,#N/A,#N/A,#N/A,#N/A,#N/A,#N/A
sp|P04925|PRIO_MOUSE,Prnp,Mus musculus,ESQAYYDGR,ESQAYYDGR,QC180731_PrP_Exp15_K_01.raw,8/1/2018 9:00:38 AM,QC180731_PrP_Exp15_K_01,,23.07,y4,544.735802,526,0.0006,3535,0.0019,549.739937,873091,#N/A,1825310,#N/A,#N/A,#N/A,#N/A,#N/A,#N/A
sp|P04925|PRIO_MOUSE,Prnp,Mus musculus,ESQAYYDGR,ESQAYYDGR,QC180731_PrP_Exp15_L_01.raw,8/1/2018 10:41:11 AM,QC180731_PrP_Exp15_L_01,,23.95,y4,544.735802,3317,0.0043,9858,0.0063,549.739937,774079,#N/A,1574727,#N/A,#N/A,#N/A,#N/A,#N/A,#N/A
sp|P67992|PRIO_MACFA,PRNP,Macaca fascicularis,VVEQMCITQYEK,VVEQMC[+57]ITQYEK,QC180731_PrP_Exp15_A_01.raw,7/31/2018 2:57:51 PM,QC180731_PrP_Exp15_A_01,,40.04,y8,764.362727,27,0.0002,873,0.0013,768.369826,151947,#N/A,663072,#N/A,#N/A,#N/A,#N/A,#N/A,#N/A
sp|P67992|PRIO_MACFA,PRNP,Macaca fascicularis,VVEQMCITQYEK,VVEQMC[+57]ITQYEK,QC180731_PrP_Exp15_B_01.raw,7/31/2018 4:36:07 PM,QC180731_PrP_Exp15_B_01,,39.25,y8,764.362727,56,0.0003,652,0.0008,768.369826,189044,#N/A,837192,#N/A,#N/A,#N/A,#N/A,#N/A,#N/A
sp|P67992|PRIO_MACFA,PRNP,Macaca fascicularis,VVEQMCITQYEK,VVEQMC[+57]ITQYEK,QC180731_PrP_Exp15_C_01.raw,7/31/2018 6:14:14 PM,QC180731_PrP_Exp15_C_01,,39.13,y8,764.362727,696,0.0042,750,0.001,768.369826,166393,#N/A,758660,#N/A,#N/A,#N/A,#N/A,#N/A,#N/A
sp|P67992|PRIO_MACFA,PRNP,Macaca fascicularis,VVEQMCITQYEK,VVEQMC[+57]ITQYEK,QC180731_PrP_Exp15_D_01.raw,7/31/2018 7:52:15 PM,QC180731_PrP_Exp15_D_01,,38.78,y8,764.362727,5395,0.0303,5610,0.0068,768.369826,177822,#N/A,829295,#N/A,#N/A,#N/A,#N/A,#N/A,#N/A
sp|P67992|PRIO_MACFA,PRNP,Macaca fascicularis,VVEQMCITQYEK,VVEQMC[+57]ITQYEK,QC180731_PrP_Exp15_E_01.raw,7/31/2018 9:30:41 PM,QC180731_PrP_Exp15_E_01,,38.94,y8,764.362727,4235,0.0228,6456,0.0074,768.369826,186073,#N/A,876815,#N/A,#N/A,#N/A,#N/A,#N/A,#N/A
sp|P67992|PRIO_MACFA,PRNP,Macaca fascicularis,VVEQMCITQYEK,VVEQMC[+57]ITQYEK,QC180731_PrP_Exp15_F_01.raw,7/31/2018 11:09:33 PM,QC180731_PrP_Exp15_F_01,,39.03,y8,764.362727,3506,0.0216,4279,0.006,768.369826,162570,#N/A,711829,#N/A,#N/A,#N/A,#N/A,#N/A,#N/A
sp|P67992|PRIO_MACFA,PRNP,Macaca fascicularis,VVEQMCITQYEK,VVEQMC[+57]ITQYEK,QC180731_PrP_Exp15_G_01.raw,8/1/2018 2:26:32 AM,QC180731_PrP_Exp15_G_01,,39.25,y8,764.362727,3864,0.0247,4746,0.0064,768.369826,156600,#N/A,736036,#N/A,#N/A,#N/A,#N/A,#N/A,#N/A
sp|P67992|PRIO_MACFA,PRNP,Macaca fascicularis,VVEQMCITQYEK,VVEQMC[+57]ITQYEK,QC180731_PrP_Exp15_H_01.raw,8/1/2018 4:04:47 AM,QC180731_PrP_Exp15_H_01,,38.87,y8,764.362727,6014,0.0367,7564,0.0101,768.369826,164078,#N/A,752618,#N/A,#N/A,#N/A,#N/A,#N/A,#N/A
sp|P67992|PRIO_MACFA,PRNP,Macaca fascicularis,VVEQMCITQYEK,VVEQMC[+57]ITQYEK,QC180731_PrP_Exp15_I_01.raw,8/1/2018 5:43:48 AM,QC180731_PrP_Exp15_I_01,,38.85,y8,764.362727,6309,0.0358,7745,0.0092,768.369826,176239,#N/A,843598,#N/A,#N/A,#N/A,#N/A,#N/A,#N/A
sp|P67992|PRIO_MACFA,PRNP,Macaca fascicularis,VVEQMCITQYEK,VVEQMC[+57]ITQYEK,QC180731_PrP_Exp15_J_01.raw,8/1/2018 7:21:57 AM,QC180731_PrP_Exp15_J_01,,39.49,y8,764.362727,3738,0.0238,4271,0.0061,768.369826,157053,#N/A,700563,#N/A,#N/A,#N/A,#N/A,#N/A,#N/A
sp|P67992|PRIO_MACFA,PRNP,Macaca fascicularis,VVEQMCITQYEK,VVEQMC[+57]ITQYEK,QC180731_PrP_Exp15_K_01.raw,8/1/2018 9:00:38 AM,QC180731_PrP_Exp15_K_01,,39.5,y8,764.362727,5387,0.0404,5582,0.0087,768.369826,133269,#N/A,644126,#N/A,#N/A,#N/A,#N/A,#N/A,#N/A
sp|P67992|PRIO_MACFA,PRNP,Macaca fascicularis,VVEQMCITQYEK,VVEQMC[+57]ITQYEK,QC180731_PrP_Exp15_L_01.raw,8/1/2018 10:41:11 AM,QC180731_PrP_Exp15_L_01,,40.4,y8,764.362727,1289,0.0079,3570,0.0049,768.369826,163796,#N/A,730217,#N/A,#N/A,#N/A,#N/A,#N/A,#N/A
sp|P67992|PRIO_MACFA,PRNP,Macaca fascicularis,VVEQMCITQYEK,VVEQMC[+57]ITQYEK,QC180731_PrP_Exp15_A_01.raw,7/31/2018 2:57:51 PM,QC180731_PrP_Exp15_A_01,,40.04,y7,764.362727,1,0,873,0.0013,768.369826,221149,#N/A,663072,#N/A,#N/A,#N/A,#N/A,#N/A,#N/A
sp|P67992|PRIO_MACFA,PRNP,Macaca fascicularis,VVEQMCITQYEK,VVEQMC[+57]ITQYEK,QC180731_PrP_Exp15_B_01.raw,7/31/2018 4:36:07 PM,QC180731_PrP_Exp15_B_01,,39.25,y7,764.362727,447,0.0016,652,0.0008,768.369826,271331,#N/A,837192,#N/A,#N/A,#N/A,#N/A,#N/A,#N/A
sp|P67992|PRIO_MACFA,PRNP,Macaca fascicularis,VVEQMCITQYEK,VVEQMC[+57]ITQYEK,QC180731_PrP_Exp15_C_01.raw,7/31/2018 6:14:14 PM,QC180731_PrP_Exp15_C_01,,39.13,y7,764.362727,11,0,750,0.001,768.369826,251389,#N/A,758660,#N/A,#N/A,#N/A,#N/A,#N/A,#N/A
sp|P67992|PRIO_MACFA,PRNP,Macaca fascicularis,VVEQMCITQYEK,VVEQMC[+57]ITQYEK,QC180731_PrP_Exp15_D_01.raw,7/31/2018 7:52:15 PM,QC180731_PrP_Exp15_D_01,,38.78,y7,764.362727,0,0,5610,0.0068,768.369826,269912,#N/A,829295,#N/A,#N/A,#N/A,#N/A,#N/A,#N/A
sp|P67992|PRIO_MACFA,PRNP,Macaca fascicularis,VVEQMCITQYEK,VVEQMC[+57]ITQYEK,QC180731_PrP_Exp15_E_01.raw,7/31/2018 9:30:41 PM,QC180731_PrP_Exp15_E_01,,38.94,y7,764.362727,1173,0.0042,6456,0.0074,768.369826,276976,#N/A,876815,#N/A,#N/A,#N/A,#N/A,#N/A,#N/A
sp|P67992|PRIO_MACFA,PRNP,Macaca fascicularis,VVEQMCITQYEK,VVEQMC[+57]ITQYEK,QC180731_PrP_Exp15_F_01.raw,7/31/2018 11:09:33 PM,QC180731_PrP_Exp15_F_01,,39.03,y7,764.362727,229,0.001,4279,0.006,768.369826,226471,#N/A,711829,#N/A,#N/A,#N/A,#N/A,#N/A,#N/A
sp|P67992|PRIO_MACFA,PRNP,Macaca fascicularis,VVEQMCITQYEK,VVEQMC[+57]ITQYEK,QC180731_PrP_Exp15_G_01.raw,8/1/2018 2:26:32 AM,QC180731_PrP_Exp15_G_01,,39.25,y7,764.362727,126,0.0006,4746,0.0064,768.369826,228750,#N/A,736036,#N/A,#N/A,#N/A,#N/A,#N/A,#N/A
sp|P67992|PRIO_MACFA,PRNP,Macaca fascicularis,VVEQMCITQYEK,VVEQMC[+57]ITQYEK,QC180731_PrP_Exp15_H_01.raw,8/1/2018 4:04:47 AM,QC180731_PrP_Exp15_H_01,,38.87,y7,764.362727,649,0.0028,7564,0.0101,768.369826,235646,#N/A,752618,#N/A,#N/A,#N/A,#N/A,#N/A,#N/A
sp|P67992|PRIO_MACFA,PRNP,Macaca fascicularis,VVEQMCITQYEK,VVEQMC[+57]ITQYEK,QC180731_PrP_Exp15_I_01.raw,8/1/2018 5:43:48 AM,QC180731_PrP_Exp15_I_01,,38.85,y7,764.362727,347,0.0012,7745,0.0092,768.369826,278011,#N/A,843598,#N/A,#N/A,#N/A,#N/A,#N/A,#N/A
sp|P67992|PRIO_MACFA,PRNP,Macaca fascicularis,VVEQMCITQYEK,VVEQMC[+57]ITQYEK,QC180731_PrP_Exp15_J_01.raw,8/1/2018 7:21:57 AM,QC180731_PrP_Exp15_J_01,,39.49,y7,764.362727,350,0.0015,4271,0.0061,768.369826,231826,#N/A,700563,#N/A,#N/A,#N/A,#N/A,#N/A,#N/A
sp|P67992|PRIO_MACFA,PRNP,Macaca fascicularis,VVEQMCITQYEK,VVEQMC[+57]ITQYEK,QC180731_PrP_Exp15_K_01.raw,8/1/2018 9:00:38 AM,QC180731_PrP_Exp15_K_01,,39.5,y7,764.362727,21,0.0001,5582,0.0087,768.369826,216983,#N/A,644126,#N/A,#N/A,#N/A,#N/A,#N/A,#N/A
sp|P67992|PRIO_MACFA,PRNP,Macaca fascicularis,VVEQMCITQYEK,VVEQMC[+57]ITQYEK,QC180731_PrP_Exp15_L_01.raw,8/1/2018 10:41:11 AM,QC180731_PrP_Exp15_L_01,,40.4,y7,764.362727,626,0.0028,3570,0.0049,768.369826,226149,#N/A,730217,#N/A,#N/A,#N/A,#N/A,#N/A,#N/A
sp|P67992|PRIO_MACFA,PRNP,Macaca fascicularis,VVEQMCITQYEK,VVEQMC[+57]ITQYEK,QC180731_PrP_Exp15_A_01.raw,7/31/2018 2:57:51 PM,QC180731_PrP_Exp15_A_01,,40.04,y5,764.362727,846,0.0029,873,0.0013,768.369826,289977,#N/A,663072,#N/A,#N/A,#N/A,#N/A,#N/A,#N/A
sp|P67992|PRIO_MACFA,PRNP,Macaca fascicularis,VVEQMCITQYEK,VVEQMC[+57]ITQYEK,QC180731_PrP_Exp15_B_01.raw,7/31/2018 4:36:07 PM,QC180731_PrP_Exp15_B_01,,39.25,y5,764.362727,149,0.0004,652,0.0008,768.369826,376817,#N/A,837192,#N/A,#N/A,#N/A,#N/A,#N/A,#N/A
sp|P67992|PRIO_MACFA,PRNP,Macaca fascicularis,VVEQMCITQYEK,VVEQMC[+57]ITQYEK,QC180731_PrP_Exp15_C_01.raw,7/31/2018 6:14:14 PM,QC180731_PrP_Exp15_C_01,,39.13,y5,764.362727,43,0.0001,750,0.001,768.369826,340877,#N/A,758660,#N/A,#N/A,#N/A,#N/A,#N/A,#N/A
sp|P67992|PRIO_MACFA,PRNP,Macaca fascicularis,VVEQMCITQYEK,VVEQMC[+57]ITQYEK,QC180731_PrP_Exp15_D_01.raw,7/31/2018 7:52:15 PM,QC180731_PrP_Exp15_D_01,,38.78,y5,764.362727,215,0.0006,5610,0.0068,768.369826,381560,#N/A,829295,#N/A,#N/A,#N/A,#N/A,#N/A,#N/A
sp|P67992|PRIO_MACFA,PRNP,Macaca fascicularis,VVEQMCITQYEK,VVEQMC[+57]ITQYEK,QC180731_PrP_Exp15_E_01.raw,7/31/2018 9:30:41 PM,QC180731_PrP_Exp15_E_01,,38.94,y5,764.362727,1048,0.0025,6456,0.0074,768.369826,413766,#N/A,876815,#N/A,#N/A,#N/A,#N/A,#N/A,#N/A
sp|P67992|PRIO_MACFA,PRNP,Macaca fascicularis,VVEQMCITQYEK,VVEQMC[+57]ITQYEK,QC180731_PrP_Exp15_F_01.raw,7/31/2018 11:09:33 PM,QC180731_PrP_Exp15_F_01,,39.03,y5,764.362727,543,0.0017,4279,0.006,768.369826,322789,#N/A,711829,#N/A,#N/A,#N/A,#N/A,#N/A,#N/A
sp|P67992|PRIO_MACFA,PRNP,Macaca fascicularis,VVEQMCITQYEK,VVEQMC[+57]ITQYEK,QC180731_PrP_Exp15_G_01.raw,8/1/2018 2:26:32 AM,QC180731_PrP_Exp15_G_01,,39.25,y5,764.362727,755,0.0022,4746,0.0064,768.369826,350686,#N/A,736036,#N/A,#N/A,#N/A,#N/A,#N/A,#N/A
sp|P67992|PRIO_MACFA,PRNP,Macaca fascicularis,VVEQMCITQYEK,VVEQMC[+57]ITQYEK,QC180731_PrP_Exp15_H_01.raw,8/1/2018 4:04:47 AM,QC180731_PrP_Exp15_H_01,,38.87,y5,764.362727,902,0.0026,7564,0.0101,768.369826,352894,#N/A,752618,#N/A,#N/A,#N/A,#N/A,#N/A,#N/A
sp|P67992|PRIO_MACFA,PRNP,Macaca fascicularis,VVEQMCITQYEK,VVEQMC[+57]ITQYEK,QC180731_PrP_Exp15_I_01.raw,8/1/2018 5:43:48 AM,QC180731_PrP_Exp15_I_01,,38.85,y5,764.362727,1089,0.0028,7745,0.0092,768.369826,389348,#N/A,843598,#N/A,#N/A,#N/A,#N/A,#N/A,#N/A
sp|P67992|PRIO_MACFA,PRNP,Macaca fascicularis,VVEQMCITQYEK,VVEQMC[+57]ITQYEK,QC180731_PrP_Exp15_J_01.raw,8/1/2018 7:21:57 AM,QC180731_PrP_Exp15_J_01,,39.49,y5,764.362727,183,0.0006,4271,0.0061,768.369826,311684,#N/A,700563,#N/A,#N/A,#N/A,#N/A,#N/A,#N/A
sp|P67992|PRIO_MACFA,PRNP,Macaca fascicularis,VVEQMCITQYEK,VVEQMC[+57]ITQYEK,QC180731_PrP_Exp15_K_01.raw,8/1/2018 9:00:38 AM,QC180731_PrP_Exp15_K_01,,39.5,y5,764.362727,173,0.0006,5582,0.0087,768.369826,293874,#N/A,644126,#N/A,#N/A,#N/A,#N/A,#N/A,#N/A
sp|P67992|PRIO_MACFA,PRNP,Macaca fascicularis,VVEQMCITQYEK,VVEQMC[+57]ITQYEK,QC180731_PrP_Exp15_L_01.raw,8/1/2018 10:41:11 AM,QC180731_PrP_Exp15_L_01,,40.4,y5,764.362727,1655,0.0049,3570,0.0049,768.369826,340272,#N/A,730217,#N/A,#N/A,#N/A,#N/A,#N/A,#N/A
